threshold	precision	recall	F1
0.013983353914601203	0.17115499700777978	1.0	0.29228410832907514
0.018763225876667424	0.17125748502994012	1.0	0.2924335378323108
0.031582135564705564	0.1713600958657879	1.0	0.2925831202046036
0.03178116429434803	0.17141144740785136	1.0	0.29265796878997186
0.03318268507258244	0.17146282973621102	1.0	0.29273285568065505
0.04158214649483331	0.1715142428785607	1.0	0.292807780906066
0.046601451017003734	0.17156568686262746	1.0	0.2928827444956477
0.051102238601878576	0.1716171617161716	1.0	0.29295774647887324
0.051953448298342	0.17172020414290004	1.0	0.29310786574429926
0.05306791848858943	0.17177177177177178	1.0	0.29318298308559715
0.053069061087980936	0.1719783523752255	1.0	0.2934838378655721
0.05524340022575109	0.17203007518796992	1.0	0.29355914806261224
0.05537051404584696	0.17208182912154033	1.0	0.2936344969199179
0.056053116634565206	0.1721336142040325	1.0	0.2937098844672657
0.05684361157758885	0.17218543046357615	1.0	0.2937853107344633
0.05684382094088535	0.1723930078360458	1.0	0.29408740359897173
0.056843999772608296	0.1724449804039795	1.0	0.2941630239136025
0.05709187567445407	0.17249698431845598	1.0	0.294238683127572
0.0571385958863602	0.17254901960784313	1.0	0.294314381270903
0.057139014638509	0.172809667673716	1.0	0.29469345698093763
0.057435017767045966	0.17286189181021458	1.0	0.2947693893326463
0.05743525943267407	0.17307110438729198	1.0	0.2950735104462213
0.057435261670323236	0.17312348668280872	1.0	0.2951496388028896
0.057838576923802905	0.17317590069633668	1.0	0.2952258064516129
0.0579572333811677	0.1732283464566929	1.0	0.2953020134228188
0.05803219840572665	0.17349105247194418	1.0	0.29568363918325147
0.05803243337547071	0.17386018237082068	1.0	0.29621957534955984
0.05803259421836976	0.17391304347826086	1.0	0.29629629629629634
0.05803264319870575	0.17396593673965938	1.0	0.2963730569948187
0.0580326776602773	0.17401886218436263	1.0	0.2964498574760301
0.05803305229683827	0.17407181984175288	1.0	0.2965266977708657
0.05804585116067665	0.1741248097412481	1.0	0.29660357791029296
0.05893890256130827	0.17417783191230207	1.0	0.29668049792531126
0.05893911812159158	0.174390243902439	1.0	0.29698857736240913
0.058939118812491136	0.17444342787435194	1.0	0.29706569722150095
0.05904337846333192	0.174496644295302	1.0	0.29714285714285715
0.05915030675246467	0.17454989319499542	1.0	0.29722005715770333
0.05962762760999666	0.1746031746031746	1.0	0.29729729729729726
0.059627835881221516	0.17465648854961832	1.0	0.29737457759292957
0.05962785087950299	0.17470983506414173	1.0	0.29745189807592304
0.05962794121405445	0.1747632141765964	1.0	0.2975292587776333
0.05962828663480445	0.17481662591687042	1.0	0.2976066597294485
0.05978169803548261	0.1748700703148884	1.0	0.29768410096278947
0.05978193421468732	0.17503059975520197	1.0	0.29791666666666666
0.05978213633027748	0.1750841750841751	1.0	0.2979942693409742
0.05978237837496135	0.17513778322106552	1.0	0.29807191245440334
0.060088204315601496	0.17519142419601838	1.0	0.2981495960385718
0.06030698370166134	0.17524509803921567	1.0	0.2982273201251303
0.06048047385992468	0.1753525444512569	1.0	0.2983828899321857
0.06059982608706011	0.1754063170806501	1.0	0.29846073571614923
0.06063576852268274	0.1755139613378337	1.0	0.2986165492038632
0.0606364890214298	0.17562173779551735	1.0	0.29877252546356753
0.06127195797243004	0.17567567567567569	1.0	0.2988505747126437
0.0612798510191977	0.176	1.0	0.29931972789115646
0.06128034121752006	0.17616261164151525	1.0	0.29955485729248493
0.061280556658782515	0.17621688231669747	1.0	0.2996333158721844
0.061679025373739614	0.17627118644067796	1.0	0.2997118155619597
0.06171140771872113	0.17632552404438964	1.0	0.29979035639412993
0.06182477557748989	0.1763798951588036	1.0	0.2998689384010485
0.061986333750519824	0.17643429981492906	1.0	0.2999475616151023
0.062034038200949985	0.1765432098765432	1.0	0.3001049317943337
0.062036122780620734	0.1766522544780729	1.0	0.30026246719160105
0.062330113160645684	0.17670682730923695	1.0	0.3003412969283277
0.06233056599793067	0.1769254562326013	1.0	0.3006570302233903
0.06270490257609979	0.17698019801980197	1.0	0.30073606729758146
0.06289386655495681	0.1770349736923553	1.0	0.3008151459374178
0.0628943188915668	0.1771995043370508	1.0	0.30105263157894735
0.06299098638237514	0.17725441586612953	1.0	0.3011318768096867
0.06299121467650012	0.1774193548387097	1.0	0.3013698630136986
0.06313692844169365	0.17747440273037543	1.0	0.30144927536231886
0.06313715650394745	0.17763975155279504	1.0	0.3016877637130802
0.0631371682871848	0.17769493631562597	1.0	0.30176734370878394
0.0631373860172933	0.17775015537600994	1.0	0.30184696569920844
0.06318619992691725	0.17780540876593098	1.0	0.30192662971760353
0.06318678878229396	0.17791601866251944	1.0	0.30208608397148135
0.06318724794597198	0.17802676626206038	1.0	0.3022457067371202
0.06320189275005586	0.1780821917808219	1.0	0.3023255813953488
0.06320250139415273	0.1781931464174455	1.0	0.30248545742993127
0.06322627043256748	0.17824867559987534	1.0	0.30256545887331393
0.06322673080771761	0.1784154709918902	1.0	0.30280571731074646
0.06327505210393364	0.17847113884555382	1.0	0.3028858882711147
0.06327531428734921	0.17858257883234468	1.0	0.30304635761589405
0.06327576952364632	0.17863835103060588	1.0	0.30312665606783257
0.06328145726161184	0.17869415807560138	1.0	0.3032069970845481
0.06333572715756557	0.17875	1.0	0.30328738069989397
0.06338033843279023	0.17886178861788618	1.0	0.30344827586206896
0.06343136516406873	0.17891773537691585	1.0	0.3035287874767843
0.06343557085508002	0.17902973395931143	1.0	0.30368993894345636
0.06344606445009832	0.17914187284685248	1.0	0.3038512616201859
0.06344678367743783	0.1793103448275862	1.0	0.304093567251462
0.06345547677045389	0.17936657259328942	1.0	0.30417442169635733
0.06346721969664466	0.17947913398180107	1.0	0.3043362596435222
0.06354431185261704	0.17959183673469387	1.0	0.3044982698961938
0.06354658364899995	0.17964824120603015	1.0	0.3045793397231097
0.06354992952947895	0.17976115650534255	1.0	0.3047416089504529
0.06359716187342318	0.17981766740018862	1.0	0.30482280841993076
0.06361750759857081	0.17987421383647798	1.0	0.30490405117270786
0.06363651001863986	0.1801007556675063	1.0	0.3052294557097119
0.06374865225956519	0.18015748031496062	1.0	0.30531091539898586
0.06374866804077638	0.18027103687362117	1.0	0.3054739652870494
0.06374937284760925	0.18032786885245902	1.0	0.3055555555555556
0.06375661106805722	0.1803847366761274	1.0	0.30563718942025114
0.06375709273924601	0.18049857999368887	1.0	0.305800588078054
0.06375711270496434	0.18055555555555555	1.0	0.30588235294117644
0.06376625672394617	0.1806125670982002	1.0	0.30596416154051886
0.06399972113988897	0.18072669826224327	1.0	0.3061279100883061
0.06406564754292975	0.18084097375908947	1.0	0.3062918340026774
0.06418710594235995	0.18095539386270168	1.0	0.3064559335654969
0.0642168413095002	0.18106995884773663	1.0	0.30662020905923343
0.0642373472132442	0.18129952456418383	1.0	0.30694928897236384
0.0643204328098839	0.18141452584839834	1.0	0.30711409395973155
0.06441349089545433	0.1814720812182741	1.0	0.30719656283566055
0.06447276943153915	0.18158730158730158	1.0	0.30736163353036
0.06452604199001208	0.18170266836086404	1.0	0.30752688172043013
0.06454746965760078	0.18181818181818182	1.0	0.3076923076923077
0.06454831879897331	0.18193384223918574	1.0	0.3078579117330462
0.06457251142537812	0.18199172764874325	1.0	0.30794078061911173
0.06460638915805228	0.18210760904170648	1.0	0.3081066523027202
0.0646203466343229	0.18222363810130615	1.0	0.30827270277553226
0.06482974861277922	0.1822817080943276	1.0	0.30835579514824796
0.06485996220858246	0.18239795918367346	1.0	0.30852211434735705
0.06489779638752463	0.18251435864709636	1.0	0.30868861305990286
0.06490014474975704	0.1825726141078838	1.0	0.30877192982456136
0.06499422468889254	0.1826309067688378	1.0	0.30885529157667385
0.06507266815474125	0.18274760383386582	1.0	0.309022150189087
0.06507448802630612	0.18286445012787725	1.0	0.3091891891891892
0.06508049001612358	0.18292292932523185	1.0	0.3092727764260611
0.06516331336346456	0.18304	1.0	0.30944008655666755
0.0651646293993466	0.18315722062119758	1.0	0.3096075778078485
0.06519943590902898	0.1832158872517617	1.0	0.30969139144558744
0.06522336008191794	0.18333333333333332	1.0	0.30985915492957744
0.06522795736724124	0.18339211285668483	1.0	0.3099431048496342
0.06531098170352756	0.18345093008338678	1.0	0.31002710027100266
0.06531935596887883	0.18356867779204109	1.0	0.31019522776572667
0.0653977576049982	0.18368657675016056	1.0	0.31036353771025504
0.06539800752208569	0.18380462724935734	1.0	0.3105320304017372
0.06548140800228705	0.1838637094181935	1.0	0.31061634537062177
0.06549847366103488	0.1839819877774204	1.0	0.31078511274110293
0.06549879586547218	0.18421900161030597	1.0	0.3111231982594506
0.06549884317406425	0.18433773767321945	1.0	0.3112925170068027
0.06549973351460511	0.18439716312056736	1.0	0.311377245508982
0.06572545196169928	0.18445662689455014	1.0	0.31146202014701874
0.06576087162201887	0.18451612903225806	1.0	0.31154684095860563
0.06576090780976716	0.18463524854744998	1.0	0.311716621253406
0.06576446902913394	0.1847545219638243	1.0	0.31188658669574704
0.06576547788034148	0.18487394957983194	1.0	0.3120567375886525
0.06582366048896852	0.18499353169469598	1.0	0.31222707423580787
0.0658618821016134	0.18511326860841423	1.0	0.312397596941562
0.0659131474259154	0.18523316062176165	1.0	0.31256830601092894
0.06594300731665553	0.18535320803629293	1.0	0.3127392017495899
0.0660973338216977	0.185473411154345	1.0	0.31291028446389496
0.06611885438495162	0.1855937702790396	1.0	0.31308155446086483
0.06612306126232283	0.18571428571428572	1.0	0.3132530120481928
0.06612717519889025	0.1857746021435531	1.0	0.3133388112845796
0.06617053787075917	0.18583495776478232	1.0	0.31342465753424653
0.06619754639378832	0.1859557867360208	1.0	0.31359649122807015
0.06628617730514785	0.18607677293428757	1.0	0.3137685134393856
0.06631286554519955	0.18619791666666666	1.0	0.3139407244785949
0.06632337988493842	0.18631921824104233	1.0	0.314113124656782
0.06633297074513991	0.1864406779661017	1.0	0.3142857142857143
0.06633568482244466	0.18656229615133724	1.0	0.314458493677845
0.06635286859944411	0.1866840731070496	1.0	0.3146314631463146
0.06637015466676618	0.1868060091443501	1.0	0.3148046230049532
0.06641763870348101	0.1869281045751634	1.0	0.31497797356828194
0.06644257684371885	0.18717277486910994	1.0	0.3153252480705623
0.06644860074324388	0.18723404255319148	1.0	0.3154121863799283
0.06645930337757974	0.18735669832951196	1.0	0.31558620689655176
0.06649367290525754	0.1874180865006553	1.0	0.31567328918322296
0.06655272389596535	0.18754098360655738	1.0	0.315847598012148
0.06657300328564185	0.18766404199475065	1.0	0.3160220994475138
0.06659505199136069	0.18778726198292844	1.0	0.31619679380873417
0.06663482975687661	0.18791064388961892	1.0	0.3163716814159292
0.066737877429785	0.18803418803418803	1.0	0.31654676258992803
0.0667848798399869	0.1881578947368421	1.0	0.3167220376522702
0.06678929536262034	0.18821980914774597	1.0	0.31680974799224587
0.06685564642797093	0.18834376028975963	1.0	0.3169853144915489
0.06687685676934156	0.18846787479406918	1.0	0.3171610756861658
0.06688773632329591	0.1885299934080422	1.0	0.317249029395452
0.06693228970309788	0.18865435356200527	1.0	0.3174250832408435
0.06693669388734924	0.18877887788778877	1.0	0.3176013325930039
0.06695166612172654	0.18890356671070013	1.0	0.31777777777777777
0.06700118509048916	0.1890284203569068	1.0	0.3179544191217343
0.06702558748684309	0.18915343915343916	1.0	0.3181312569521691
0.06705705973322712	0.18927862342819324	1.0	0.3183082915971062
0.0670604474777282	0.18934127772260842	1.0	0.31839688282772055
0.06708001373003579	0.18946671083140113	1.0	0.3185742133110554
0.06709513977040514	0.18959231024196221	1.0	0.31875174143215385
0.06710921047742414	0.1896551724137931	1.0	0.3188405797101449
0.06711387930853628	0.18971807628524046	1.0	0.3189294675216058
0.06712966249839634	0.1898440092930634	1.0	0.3191073919107392
0.06714265805625422	0.18997010959814015	1.0	0.31928551493162155
0.06716218390509048	0.19003322259136213	1.0	0.3193746510329425
0.0672094037441683	0.1901595744680851	1.0	0.3195530726256983
0.06722156098743802	0.19028609447771125	1.0	0.31973169368362214
0.06722402076995147	0.1903494176372712	1.0	0.3198210791165781
0.06723145063796135	0.19047619047619047	1.0	0.32
0.06724186923421323	0.19060313228923692	1.0	0.32017912118667785
0.06725867474921639	0.19073024341447148	1.0	0.3203584430131615
0.06726589245463258	0.19085752419085752	1.0	0.3205379658167554
0.06726728374100716	0.19098497495826378	1.0	0.3207176899355201
0.06727532373452422	0.19111259605746742	1.0	0.3208976157082749
0.06727910285807838	0.19117647058823528	1.0	0.32098765432098764
0.06728507878533277	0.19130434782608696	1.0	0.32116788321167883
0.06728575934177639	0.19143239625167335	1.0	0.32134831460674157
0.0673368981177273	0.1914964847673251	1.0	0.32143860635009835
0.06744309029461718	0.1916247906197655	1.0	0.32161934214225474
0.06746540861766949	0.19175326852162253	1.0	0.32180028129395216
0.06749567645401301	0.19181757209926223	1.0	0.3218908272369161
0.06751689027721886	0.1919463087248322	1.0	0.3220720720720721
0.06751897597642363	0.19207521826729348	1.0	0.32225352112676053
0.06752314486947589	0.1922043010752688	1.0	0.322435174746336
0.0675509058728743	0.19233355749831876	1.0	0.32261703327693175
0.0675609516260955	0.1920618903464514	0.9982517482517482	0.3221438645980254
0.0675778891871745	0.19219118142039718	0.9982517482517482	0.3223257126728761
0.06757824404710704	0.19232064668238463	0.9982517482517482	0.3225077661677492
0.06759617348393286	0.19245028648466464	0.9982517482517482	0.32269002543091274
0.06760833706522251	0.19258010118043845	0.9982517482517482	0.32287249081142216
0.0676124829049253	0.1926450742240216	0.9982517482517482	0.3229638009049774
0.06763552683782298	0.19277515192437542	0.9982517482517482	0.32314657611771364
0.06765574814920255	0.1929054054054054	0.9982517482517482	0.3233295583238958
0.0676915971123238	0.19303583502366464	0.9982517482517482	0.3235127478753541
0.06772115126016078	0.19316644113667117	0.9982517482517482	0.3236961451247165
0.06775401446585073	0.1933626820182865	0.9982517482517482	0.3239716312056738
0.06775968951459405	0.19349373093866487	0.9982517482517482	0.32415554924780016
0.06776835797609597	0.1936249576127501	0.9982517482517482	0.3243396762283442
0.06781171571054063	0.19388794567062817	0.9982517482517482	0.32470855843048047
0.06781352671274721	0.19401970778117567	0.9982517482517482	0.32489331436699853
0.06782549115459792	0.19415164909894594	0.9982517482517482	0.3250782806717905
0.06783774269640482	0.19428376998979244	0.9982517482517482	0.3252634577043577
0.06785012938754736	0.1944160708205652	0.9982517482517482	0.3254488458250213
0.06788073417305474	0.19454855195911414	0.9982517482517482	0.3256344453949244
0.06789850835465679	0.19468121377429254	0.9982517482517482	0.32582025677603427
0.06792408636717276	0.19481405663596044	0.9982517482517482	0.3260062803311447
0.06792456622531462	0.19494708091498805	0.9982517482517482	0.32619251642387886
0.06792743551435772	0.19467213114754098	0.9965034965034965	0.32571428571428573
0.06793094054426181	0.19480519480519481	0.9965034965034965	0.32590051457975994
0.06795063336734382	0.19493844049247605	0.9965034965034965	0.3260869565217391
0.06795309086793613	0.19507186858316222	0.9965034965034965	0.32627361190612475
0.06795556600278634	0.19513865114686751	0.9965034965034965	0.3263670197537933
0.06796809307594891	0.1952054794520548	0.9965034965034965	0.32646048109965636
0.06797670978348345	0.19533927347498287	0.9965034965034965	0.32664756446991405
0.06798192617984573	0.19547325102880658	0.9965034965034965	0.32683486238532106
0.06798499243006795	0.19560741249142072	0.9965034965034965	0.3270223752151463
0.06800906944153223	0.19574175824175824	0.9965034965034965	0.3272101033295063
0.06803150045679342	0.1958762886597938	0.9965034965034965	0.3273980470993682
0.06804449146021369	0.19601100412654746	0.9965034965034965	0.3275862068965517
0.06805122133552512	0.1961459050240881	0.9965034965034965	0.32777458309373203
0.06810496206072837	0.1962134251290878	0.9965034965034965	0.3278688524590164
0.06814336847623122	0.19634860489149156	0.9965034965034965	0.32805755395683456
0.06815216276165034	0.19648397104446744	0.9965034965034965	0.32824647279009506
0.06816939458094226	0.19661952397378407	0.9965034965034965	0.32843560933448573
0.06818669038169027	0.19675526406627547	0.9965034965034965	0.328624963966561
0.0681870210578296	0.19689119170984457	0.9965034965034965	0.32881453706374386
0.0681911254157232	0.19702730729346699	0.9965034965034965	0.329004329004329
0.06820393849258875	0.19716361120719475	0.9965034965034965	0.3291943401674848
0.06825101086805084	0.19730010384215993	0.9965034965034965	0.3293845709332563
0.06828258498760072	0.19743678559057845	0.9965034965034965	0.3295750216825672
0.06830611876952608	0.1975736568457539	0.9965034965034965	0.32976569279722306
0.06831014330221363	0.19771071800208118	0.9965034965034965	0.3299565846599132
0.06831496511916041	0.19784796945505034	0.9965034965034965	0.33014769765421376
0.06832244853101185	0.19798541160125044	0.9965034965034965	0.33033903216458993
0.06832615636811898	0.1981230448383733	0.9965034965034965	0.33053058857639894
0.06833400864484684	0.19826086956521738	0.9965034965034965	0.3307223672758921
0.06833988550778705	0.1983988861816916	0.9965034965034965	0.33091436865021767
0.06834190011693903	0.19853709508881923	0.9965034965034965	0.33110659308742374
0.06834339101871502	0.1986754966887417	0.9965034965034965	0.33129904097646035
0.068378506887535	0.1988140913847227	0.9965034965034965	0.3314917127071823
0.06838612311815459	0.19895287958115182	0.9965034965034965	0.331684608670352
0.0683939469906426	0.19909186168354873	0.9965034965034965	0.3318777292576419
0.06841425483539364	0.19923103809856693	0.9965034965034965	0.33207107486163706
0.06843688314826588	0.1993704092339979	0.9965034965034965	0.332264645875838
0.06845101657665985	0.19950997549877494	0.9965034965034965	0.3324584426946632
0.06845473388028679	0.19964973730297722	0.9965034965034965	0.332652465713452
0.06845575787260193	0.19978969505783387	0.9965034965034965	0.33284671532846716
0.06845805877718641	0.19992984917572781	0.9965034965034965	0.33304119193689746
0.06846874616056803	0.20007020007020007	0.9965034965034965	0.33323589593686054
0.06848408689250544	0.20021074815595363	0.9965034965034965	0.3334308277274057
0.06848968415423425	0.20035149384885764	0.9965034965034965	0.33362598770851626
0.06850133998761901	0.20049243756595145	0.9965034965034965	0.33382137628111275
0.0685150263762587	0.2006335797254488	0.9965034965034965	0.33401699384705535
0.0685378225049286	0.2007749207467418	0.9965034965034965	0.33421284080914687
0.06879216116157716	0.20091646105040536	0.9965034965034965	0.3344089175711352
0.0688336497942933	0.2009873060648801	0.9965034965034965	0.3345070422535211
0.0688512489900991	0.20105820105820105	0.9965034965034965	0.3346052245377164
0.0688517562256894	0.20112914608327453	0.9965034965034965	0.33470346447445687
0.06885540842409625	0.20120014119308155	0.9965034965034965	0.3348017621145375
0.0689553046738661	0.20127118644067796	0.9965034965034965	0.33490011750881316
0.06900419733750753	0.20134228187919462	0.9965034965034965	0.3349985307081986
0.06972705406492789	0.20141342756183744	0.9965034965034965	0.33509700176366847
0.07207073475281967	0.2014846235418876	0.9965034965034965	0.33519553072625696
0.07354857816572012	0.20155586987270155	0.9965034965034965	0.3352941176470588
0.07356883867880287	0.20162716660771135	0.9965034965034965	0.3353927625772286
0.07652938340840382	0.20169851380042464	0.9965034965034965	0.3354914655679812
0.07782100600850454	0.20176991150442478	0.9965034965034965	0.33559022667059174
0.07820957067876208	0.20184135977337112	0.9965034965034965	0.3356890459363958
0.07956338606548509	0.20191285866099895	0.9965034965034965	0.33578792341678937
0.0799801047784306	0.20198440822111977	0.9965034965034965	0.33588685916322925
0.08130279512728765	0.2020560085076214	0.9965034965034965	0.33598585322723257
0.08148469933421254	0.20212765957446807	0.9965034965034965	0.33608490566037735
0.09296214431743267	0.2021993614757006	0.9965034965034965	0.33618401651430263
0.09299634024929572	0.20227111426543648	0.9965034965034965	0.33628318584070793
0.09345909134794049	0.20234291799787008	0.9965034965034965	0.33638241369135435
0.09399294415265014	0.20241477272727273	0.9965034965034965	0.3364817001180638
0.09449482745720972	0.2024866785079929	0.9965034965034965	0.33658104517271925
0.09486846137173234	0.2025586353944563	0.9965034965034965	0.33668044890726523
0.09541266709302755	0.20263064344116602	0.9965034965034965	0.33677991137370755
0.09556950409596339	0.20270270270270271	0.9965034965034965	0.3368794326241135
0.09557782394262267	0.20277481323372465	0.9965034965034965	0.33697901271061187
0.0956438958895598	0.20284697508896798	0.9965034965034965	0.33707865168539325
0.09573020928973353	0.2029191883232467	0.9965034965034965	0.33717834960070986
0.09724666387455215	0.202991452991453	0.9965034965034965	0.33727810650887574
0.09771756001909904	0.20306376914855717	0.9965034965034965	0.3373779224622669
0.09783862970923746	0.203136136849608	0.9965034965034965	0.33747779751332146
0.0981363679025345	0.20320855614973263	0.9965034965034965	0.33757773171453953
0.09813690655160325	0.20328102710413695	0.9965034965034965	0.3376777251184834
0.09818883122020124	0.2033535497681056	0.9965034965034965	0.3377777777777778
0.09818909849970361	0.20342612419700215	0.9965034965034965	0.3378778897451097
0.09819159313965709	0.2034987504462692	0.9965034965034965	0.3379780610732286
0.09820520165606512	0.20357142857142857	0.9965034965034965	0.33807829181494664
0.09823026728174551	0.20364415862808147	0.9965034965034965	0.33817858202313855
0.09824131952938579	0.20371694067190851	0.9965034965034965	0.33827893175074186
0.09828545321654408	0.20378977475867	0.9965034965034965	0.3383793410507569
0.09829286526221657	0.20386266094420602	0.9965034965034965	0.33847980997624705
0.09830620110552182	0.2039355992844365	0.9965034965034965	0.3385803385803386
0.09832977740672351	0.2040085898353615	0.9965034965034965	0.33868092691622104
0.0983574350429416	0.20408163265306123	0.9965034965034965	0.3387815750371471
0.09837067364937199	0.20415472779369628	0.9965034965034965	0.3388822829964328
0.09837518132649829	0.2042278753135077	0.9965034965034965	0.3389830508474576
0.09838865698545086	0.20430107526881722	0.9965034965034965	0.33908387864366446
0.09839146866119544	0.20437432771602726	0.9965034965034965	0.33918476643856
0.09839158115114077	0.20444763271162122	0.9965034965034965	0.33928571428571425
0.09839379561939257	0.20452099031216361	0.9965034965034965	0.33938672223876154
0.09840711046501993	0.20466786355475763	0.9965034965034965	0.33958891867739055
0.09840840146338238	0.20474137931034483	0.9965034965034965	0.3396901072705602
0.09842828474354257	0.20481494789795185	0.9965034965034965	0.33979135618479883
0.09843148624101251	0.2048885693745507	0.9965034965034965	0.33989266547406083
0.09843739502776251	0.20496224379719524	0.9965034965034965	0.33999403519236504
0.09843930175979378	0.20503597122302158	0.9965034965034965	0.34009546539379476
0.09844291018047165	0.20510975170924792	0.9965034965034965	0.34019695613249773
0.09844619720217601	0.20518358531317496	0.9965034965034965	0.3402985074626866
0.09844776571237988	0.2052574720921858	0.9965034965034965	0.3404001194386384
0.09844862259309758	0.2053314121037464	0.9965034965034965	0.34050179211469533
0.0984487026757471	0.20540540540540542	0.9965034965034965	0.34060352554526446
0.09845644193656225	0.2054794520547945	0.9965034965034965	0.34070531978481766
0.09845773519903524	0.20555355210962856	0.9965034965034965	0.34080717488789236
0.09846370478121572	0.20562770562770563	0.9965034965034965	0.3409090909090909
0.09846806204047545	0.20570191266690727	0.9965034965034965	0.3410110679030811
0.09847435558589047	0.20577617328519857	0.9965034965034965	0.34111310592459604
0.09847921099406631	0.20585048754062837	0.9965034965034965	0.34121520502843455
0.09848118898374913	0.20592485549132947	0.9965034965034965	0.34131736526946105
0.09848590333517408	0.2059992771955186	0.9965034965034965	0.3414195867026056
0.09849147510057464	0.20607375271149675	0.9965034965034965	0.34152186938286394
0.09849381298785843	0.20614828209764918	0.9965034965034965	0.34162421336529813
0.09849764723001278	0.20622286541244572	0.9965034965034965	0.3417266187050359
0.09850064396781932	0.20629750271444083	0.9965034965034965	0.34182908545727136
0.09850225996028238	0.20637219406227372	0.9965034965034965	0.34193161367726455
0.09850284889298433	0.2064469395146686	0.9965034965034965	0.342034203420342
0.098503556529449	0.20652173913043478	0.9965034965034965	0.34213685474189676
0.0985092291982935	0.20659659296846683	0.9965034965034965	0.34223956769738817
0.09851244591781558	0.20667150108774474	0.9965034965034965	0.34234234234234234
0.09851333627635794	0.20674646354733406	0.9965034965034965	0.3424451787323521
0.09852086604145142	0.20682148040638607	0.9965034965034965	0.3425480769230769
0.09852163764083614	0.20689655172413793	0.9965034965034965	0.34265103697024346
0.09852365529552941	0.20697167755991286	0.9965034965034965	0.3427540589296452
0.09852717966831982	0.20704685797312022	0.9965034965034965	0.34285714285714286
0.09853262913824984	0.20712209302325582	0.9965034965034965	0.3429602888086643
0.09853460808358643	0.20719738276990185	0.9965034965034965	0.3430634968402046
0.09853523068045116	0.20727272727272728	0.9965034965034965	0.3431667670078266
0.09853677048384357	0.20734812659148782	0.9965034965034965	0.34327009936766034
0.09853841765302468	0.2074235807860262	0.9965034965034965	0.3433734939759036
0.09853868249427963	0.2074990899162723	0.9965034965034965	0.34347695088882196
0.09854045295621476	0.20757465404224326	0.9965034965034965	0.3435804701627487
0.09854126776698648	0.20765027322404372	0.9965034965034965	0.343684051854085
0.09854647570359121	0.20772594752186588	0.9965034965034965	0.34378769601930037
0.09854672989625123	0.20780167699598978	0.9965034965034965	0.34389140271493207
0.09854784993780513	0.20787746170678337	0.9965034965034965	0.343995171997586
0.0985480658507335	0.20795330171470267	0.9965034965034965	0.34409900392393605
0.09855324788741714	0.20802919708029197	0.9965034965034965	0.34420289855072467
0.09855732891212357	0.20810514786418402	0.9965034965034965	0.3443068559347629
0.09855742248235633	0.20818115412710006	0.9965034965034965	0.3444108761329305
0.09855846653453035	0.2082572159298502	0.9965034965034965	0.3445149592021759
0.0985606994983547	0.20833333333333334	0.9965034965034965	0.3446191051995164
0.09856108537927875	0.20840950639853748	0.9965034965034965	0.3447233141820381
0.09856231703561323	0.20848573518653987	0.9965034965034965	0.3448275862068966
0.0985641645458182	0.20856201975850713	0.9965034965034965	0.34493192133131617
0.098564765127936	0.20863836017569545	0.9965034965034965	0.3450363196125908
0.09856656058155407	0.20871475649945076	0.9965034965034965	0.34514078110808355
0.09856723609979863	0.2087912087912088	0.9965034965034965	0.34524530587522717
0.09857149118306731	0.2088677171124954	0.9965034965034965	0.34534989397152377
0.09857179383942367	0.2089442815249267	0.9965034965034965	0.34545454545454546
0.09857270968173741	0.20902090209020902	0.9965034965034965	0.34555926038193396
0.09857310391679802	0.2090975788701394	0.9965034965034965	0.34566403881140084
0.09857337611371698	0.20880733944954127	0.9947552447552448	0.3451622687291477
0.09857435279894526	0.2088839941262849	0.9947552447552448	0.3452669902912622
0.09857533008622073	0.20896070510466397	0.9947552447552448	0.3453717754172989
0.09857638352315268	0.20903747244673035	0.9947552447552448	0.3454766241651488
0.0985769201319954	0.209114296214627	0.9947552447552448	0.3455815365927725
0.09857801789039589	0.20919117647058824	0.9947552447552448	0.3456865127582017
0.09857894573787979	0.20926811327694006	0.9947552447552448	0.34579155271953815
0.09857913323966042	0.21433962264150944	0.993006993006993	0.35257603972687773
0.09857928835230849	0.21442053605134012	0.993006993006993	0.35268550139708166
0.09857933881015941	0.21450151057401812	0.993006993006993	0.3527950310559006
0.09857949865325037	0.21458254627880619	0.993006993006993	0.35290462876669776
0.09857951168008558	0.2146636432350718	0.993006993006993	0.35301429459291483
0.09857957056441198	0.21474480151228734	0.993006993006993	0.35312402859807274
0.09857960185323847	0.21482602118003025	0.993006993006993	0.3532338308457711
0.09857963644089722	0.21490730230798336	0.993006993006993	0.35334370139968896
0.09857968738485821	0.2149886449659349	0.993006993006993	0.3534536403235843
0.09857974348750709	0.21507004922377887	0.993006993006993	0.3535636476812947
0.09857975848285593	0.21515151515151515	0.993006993006993	0.3536737235367372
0.09858029692968914	0.2152330428192497	0.993006993006993	0.35378386795390837
0.09858062163715582	0.21531463229719486	0.993006993006993	0.35389408099688474
0.09858064802947336	0.21539628365566932	0.993006993006993	0.3540043627298224
0.09858079804908207	0.21547799696509864	0.993006993006993	0.3541147132169576
0.09858085050642715	0.21555977229601517	0.993006993006993	0.3542251325226068
0.09858100750856667	0.21564160971905846	0.993006993006993	0.3543356207111666
0.09858104468370268	0.2157235093049753	0.993006993006993	0.35444617784711385
0.09858110549291621	0.21580547112462006	0.993006993006993	0.3545568039950062
0.09858112949043113	0.21588749524895476	0.993006993006993	0.3546674992194817
0.09858132147073768	0.21605173069608216	0.993006993006993	0.35488909715713834
0.09858137122485053	0.2161339421613394	0.993006993006993	0.355
0.09858163692457864	0.21621621621621623	0.993006993006993	0.35511097217880594
0.09858169977685459	0.2162985529322163	0.993006993006993	0.35522201375859913
0.09858175342764497	0.21638095238095237	0.993006993006993	0.3553331248045042
0.09858182830034697	0.21646341463414634	0.993006993006993	0.35544430538172717
0.09858209417154029	0.21654593976362943	0.993006993006993	0.35555555555555557
0.09858237736837594	0.21662852784134248	0.993006993006993	0.35566687539135877
0.09858240482184889	0.216793893129771	0.993006993006993	0.3558897243107769
0.09858269583384285	0.2168766704849179	0.993006993006993	0.3560012535255406
0.09858314366932876	0.21695951107715813	0.993006993006993	0.3561128526645768
0.09858340687827141	0.21704241497898358	0.993006993006993	0.3562245217936657
0.09858435060408743	0.21712538226299694	0.993006993006993	0.35633626097867
0.09858440520004197	0.21720841300191204	0.993006993006993	0.35644807028553505
0.09858521227381604	0.21729150726855395	0.993006993006993	0.3565599497802887
0.09858530443140329	0.21737466513585915	0.993006993006993	0.3566718995290424
0.09858535919685757	0.21745788667687596	0.993006993006993	0.35678391959798994
0.09858650506488387	0.21754117196476447	0.993006993006993	0.3568960100534087
0.09858673661998603	0.21762452107279692	0.993006993006993	0.3570081709616593
0.09858742407708769	0.21770793407435798	0.993006993006993	0.35712040238918574
0.09858860825435964	0.21779141104294478	0.993006993006993	0.3572327044025157
0.09858865526716787	0.21787495205216725	0.993006993006993	0.3573450770682604
0.09858916607083532	0.21795855717574827	0.993006993006993	0.3574575204531152
0.09858933672244828	0.218042226487524	0.993006993006993	0.357570034623859
0.09858938295815224	0.21812596006144394	0.993006993006993	0.3576826196473552
0.09859095691009356	0.21820975797157127	0.993006993006993	0.3577952755905512
0.09859117186778073	0.21829362029208302	0.993006993006993	0.35790800252047894
0.09859204889946993	0.21837754709727028	0.993006993006993	0.35802080050425467
0.09859210587312435	0.21846153846153846	0.993006993006993	0.3581336696090795
0.09859245839826317	0.21854559445940747	0.993006993006993	0.358246609902239
0.09859356020009823	0.21862971516551194	0.993006993006993	0.3583596214511041
0.09859417138851011	0.21871390065460147	0.993006993006993	0.3584727043231304
0.09859438891297787	0.21879815100154082	0.993006993006993	0.35858585858585856
0.09859472033519888	0.21888246628131022	0.993006993006993	0.3586990843069151
0.09859481542658331	0.2189668465690054	0.993006993006993	0.35881238155401135
0.0985949289231195	0.21905129193983802	0.993006993006993	0.3589257503949447
0.09859644589285413	0.2191358024691358	0.993006993006993	0.359039190897598
0.0985969031221482	0.21922037823234272	0.993006993006993	0.35915270312993997
0.09859807113379786	0.2193050193050193	0.993006993006993	0.3592662871600253
0.09859823120829699	0.2193897257628428	0.993006993006993	0.3593799430559949
0.09859837070590223	0.21947449768160743	0.993006993006993	0.359493670886076
0.09859867643416446	0.2195593351372246	0.993006993006993	0.35960747071858185
0.09859934990520205	0.21964423820572312	0.993006993006993	0.3597213426219126
0.09860000299369176	0.21972920696324952	0.993006993006993	0.35983528666455494
0.09860106450721737	0.21981424148606812	0.993006993006993	0.3599493029150824
0.0986022996663432	0.21989934185056137	0.993006993006993	0.3600633914421553
0.09860389347627746	0.21998450813323006	0.993006993006993	0.36017755231452125
0.09860410730618324	0.22006974041069352	0.993006993006993	0.3602917856010149
0.09860431442193376	0.22015503875968992	0.993006993006993	0.3604060913705584
0.09860512625212138	0.2202404032570764	0.993006993006993	0.3605204696921612
0.09860597270827214	0.22032583397982933	0.993006993006993	0.36063492063492064
0.09860622345317334	0.22041133100504462	0.993006993006993	0.36074944426802164
0.09860625723779291	0.2204968944099379	0.993006993006993	0.360864040660737
0.09860663602976198	0.22058252427184466	0.993006993006993	0.36097870988242764
0.09860680981269733	0.22066822066822067	0.993006993006993	0.3610934520025429
0.09860729935522586	0.22075398367664206	0.993006993006993	0.3612082670906201
0.09860873272159282	0.2208398133748056	0.993006993006993	0.361323155216285
0.09860897611231201	0.22092570984052898	0.993006993006993	0.36143811644925233
0.09860905977375796	0.22101167315175096	0.993006993006993	0.36155315085932527
0.09861097842693393	0.22109770338653173	0.993006993006993	0.36166825851639606
0.09861144522941256	0.22118380062305296	0.993006993006993	0.36178343949044584
0.09861616368312626	0.22126996493961823	0.993006993006993	0.36189869385154505
0.09861659617989056	0.22135619641465315	0.993006993006993	0.3620140216698534
0.09861818705939644	0.22144249512670566	0.993006993006993	0.36212942301562007
0.09861981203657999	0.22152886115444617	0.993006993006993	0.36224489795918363
0.09861983119918905	0.22161529457666795	0.993006993006993	0.3623604465709729
0.09862073255093264	0.22170179547228727	0.993006993006993	0.3624760689215061
0.09862099054320549	0.22178836392034362	0.993006993006993	0.3625917650813917
0.09862377456077837	0.221875	0.993006993006993	0.36270753512132825
0.09862446864808144	0.22196170379054317	0.993006993006993	0.36282337911210477
0.09862452276727428	0.2220484753713839	0.993006993006993	0.36293929712460066
0.09862481359005634	0.2221353148220571	0.993006993006993	0.3630552892297858
0.09862514128592767	0.2222222222222222	0.993006993006993	0.36317135549872126
0.09862751855118013	0.2223091976516634	0.993006993006993	0.36328749600255833
0.09862759903587164	0.22239624119028975	0.993006993006993	0.36340371081254
0.09862767519237495	0.22248335291813554	0.993006993006993	0.36352
0.0986289819183441	0.2225705329153605	0.993006993006993	0.3636363636363636
0.09863168741392431	0.2226577812622501	0.993006993006993	0.3637528017931476
0.09863366482321181	0.22291993720565148	0.993006993006993	0.3641025641025641
0.09863369075757174	0.22300745975657638	0.993006993006993	0.3642193010580314
0.09863993902534202	0.22309505106048705	0.993006993006993	0.36433611289288004
0.09864014832258333	0.22318271119842828	0.993006993006993	0.36445299967917866
0.09864031378081756	0.22327044025157233	0.993006993006993	0.3645699614890886
0.09864091085271251	0.22335823830121904	0.993006993006993	0.36468699839486357
0.09864101749174763	0.22344610542879623	0.993006993006993	0.36480411046885036
0.09864104830522782	0.2235340417158599	0.993006993006993	0.3649212977834886
0.09864111763558955	0.22362204724409449	0.993006993006993	0.365038560411311
0.09864160925212671	0.2237101220953131	0.993006993006993	0.36515589842494367
0.09864172819193928	0.2238864800945999	0.993006993006993	0.3653908009006111
0.09864226052069311	0.22397476340694006	0.993006993006993	0.3655083655083655
0.09864368377269156	0.22406311637080867	0.993006993006993	0.36562600579336985
0.09864382155354655	0.22415153906866614	0.993006993006993	0.36574372182871867
0.0986443246153327	0.22424003158310304	0.993006993006993	0.3658615136876006
0.09864548553586677	0.22432859399684044	0.993006993006993	0.36597938144329895
0.09864554247325755	0.22450592885375495	0.993006993006993	0.36621534493874924
0.09864629017845016	0.22459470146302887	0.993006993006993	0.36633344082554015
0.09864691182632257	0.22468354430379747	0.993006993006993	0.36645161290322587
0.09864775464295168	0.22477245745943808	0.993006993006993	0.3665698612455631
0.09864789714881261	0.22486144101346	0.993006993006993	0.3666881859264041
0.09864814795957318	0.22503961965134706	0.993006993006993	0.3669250645994832
0.09864858794253346	0.22512881490289338	0.993006993006993	0.3670436187399031
0.09864870621782086	0.22521808088818399	0.993006993006993	0.36716224951519066
0.09865021981947832	0.22530741769139231	0.993006993006993	0.36728095699967667
0.09865103232413681	0.2253968253968254	0.993006993006993	0.36739974126778785
0.09865149531099775	0.22584493041749504	0.993006993006993	0.3679948169744088
0.09865397563070327	0.22593476531424025	0.993006993006993	0.36811406351263776
0.09865694314190084	0.22602467170712295	0.993006993006993	0.3682333873581848
0.09865803752219078	0.22611464968152867	0.993006993006993	0.36835278858625164
0.09865844218543714	0.2262046993229789	0.993006993006993	0.36847226727213755
0.09865900057235234	0.22629482071713147	0.993006993006993	0.3685918234912395
0.09865942433962728	0.22638501394978078	0.993006993006993	0.36871145731905225
0.0986606474151157	0.22647527910685805	0.993006993006993	0.3688311688311688
0.09866117754896803	0.22656561627443159	0.993006993006993	0.3689509581032803
0.09866133423926228	0.2266560255387071	0.993006993006993	0.3690708252111761
0.09866183347534513	0.22674650698602794	0.993006993006993	0.3691907702307442
0.09866212673395312	0.2268370607028754	0.993006993006993	0.3693107932379714
0.09866325504125999	0.2270183852917666	0.993006993006993	0.3695510735198439
0.09866334448074539	0.227109156337465	0.993006993006993	0.3696713309469573
0.09866376261354001	0.2272	0.993006993006993	0.3697916666666667
0.09866415839645637	0.2272909163665466	0.993006993006993	0.3699120807554543
0.09866431655138785	0.22738190552441953	0.993006993006993	0.37003257328990224
0.09866450425203906	0.2274729675610733	0.993006993006993	0.3701531443466928
0.09866517699953649	0.22756410256410256	0.993006993006993	0.37027379400260757
0.09866545527355929	0.22765531062124247	0.993006993006993	0.3703945223345288
0.09866758340866408	0.22802087515054195	0.993006993006993	0.3708782239634345
0.09866814450570834	0.2281124497991968	0.993006993006993	0.37099934683213587
0.09866952962860806	0.2282040980313379	0.993006993006993	0.37112054884024825
0.0986696124547262	0.2282958199356913	0.993006993006993	0.37124183006535943
0.09867026334064762	0.22838761560112586	0.993006993006993	0.37136319058515854
0.09867033106139242	0.22847948511665325	0.993006993006993	0.3714846304774362
0.0986710647054477	0.22857142857142856	0.993006993006993	0.37160614982008505
0.09867171845470896	0.2286634460547504	0.993006993006993	0.3717277486910995
0.09867202837965504	0.22875553765606121	0.993006993006993	0.3718494271685761
0.09867213971611127	0.22884770346494762	0.993006993006993	0.3719711853307138
0.09867214943498952	0.22893994357114067	0.993006993006993	0.372093023255814
0.0986726510232487	0.22903225806451613	0.993006993006993	0.3722149410222805
0.09867328127657071	0.2291246470350948	0.993006993006993	0.3723369387086201
0.09867389884696746	0.22921711057304278	0.993006993006993	0.37245901639344264
0.0986739438570786	0.2289059345983044	0.9912587412587412	0.37192522138406037
0.09867410994454698	0.2289983844911147	0.9912587412587412	0.3720472440944882
0.0986745125038366	0.2290909090909091	0.9912587412587412	0.3721693468985888
0.09867507161638735	0.2291835084882781	0.9912587412587412	0.3722915298752462
0.09867585220031658	0.22927618277395875	0.9912587412587412	0.3724137931034483
0.0986770791574383	0.22936893203883496	0.9912587412587412	0.37253613666228647
0.09867725726524648	0.22946175637393768	0.9912587412587412	0.3726585606309563
0.0986776138404498	0.22964763061968407	0.9912587412587412	0.37290365011509374
0.09867832056946887	0.22974068071312803	0.9912587412587412	0.37302631578947365
0.0986791764071078	0.22992700729927007	0.9912587412587412	0.37327188940092165
0.0986793972310024	0.23002028397565924	0.9912587412587412	0.37339479749753046
0.09867954461835829	0.23011363636363635	0.9912587412587412	0.37351778656126483
0.098679566497616	0.23020706455542023	0.9912587412587412	0.3736408566721582
0.09867988010078502	0.23030056864337936	0.9912587412587412	0.3737640079103493
0.09868005220875817	0.2303941487200325	0.9912587412587412	0.37388724035608306
0.09868018703240551	0.2304878048780488	0.9912587412587412	0.3740105540897098
0.0986804072122486	0.23058153721024807	0.9912587412587412	0.37413394919168597
0.09868046890913246	0.2306753458096013	0.9912587412587412	0.37425742574257426
0.0986805358193699	0.23076923076923078	0.9912587412587412	0.3743809838230439
0.09868096884320417	0.23086319218241041	0.9912587412587412	0.37450462351387054
0.09868137404133422	0.2309572301425662	0.9912587412587412	0.37462834489593655
0.09868139861289318	0.2310513447432763	0.9912587412587412	0.3747521480502313
0.09868155971849993	0.2311455360782715	0.9912587412587412	0.3748760330578512
0.09868238895808762	0.23123980424143556	0.9912587412587412	0.37499999999999994
0.09868308587297439	0.23133414932680538	0.9912587412587412	0.3751240489579888
0.09868407972370213	0.23142857142857143	0.9912587412587412	0.3752481800132363
0.09868451705121603	0.231523070641078	0.9912587412587412	0.3753723932472691
0.09868455109709093	0.23161764705882354	0.9912587412587412	0.3754966887417218
0.09868459806185792	0.23171230077646096	0.9912587412587412	0.37562106657833716
0.09868479110873257	0.23180703188879803	0.9912587412587412	0.37574552683896617
0.09868505172254681	0.23190184049079754	0.9912587412587412	0.37587006960556846
0.09868601624686527	0.23199672667757773	0.9912587412587412	0.37599469496021215
0.09868605616000907	0.23209169054441262	0.9912587412587412	0.3761194029850746
0.0986861271488314	0.2321867321867322	0.9912587412587412	0.376244193762442
0.09868643084937631	0.2322818517001229	0.9912587412587412	0.3763690673747096
0.09868666555032818	0.23237704918032787	0.9912587412587412	0.37649402390438247
0.09868672139695421	0.23247232472324722	0.9912587412587412	0.3766190634340751
0.0986870932186294	0.23256767842493847	0.9912587412587412	0.37674418604651166
0.098687183310497	0.23294987674609696	0.9912587412587412	0.37724550898203596
0.09868728799879876	0.23304562268803947	0.9912587412587412	0.3773710482529118
0.09868798010979289	0.23314144736842105	0.9912587412587412	0.3774966711051931
0.0986881044408971	0.2332373508844097	0.9912587412587412	0.3776223776223776
0.0986881251062985	0.23333333333333334	0.9912587412587412	0.3777481678880746
0.09868839684423648	0.2334293948126801	0.9912587412587412	0.37787404198600466
0.09868844761160786	0.23352553542009885	0.9912587412587412	0.378
0.09868846285100417	0.23362175525339926	0.9912587412587412	0.3781260420140047
0.09868847203705984	0.23371805441055235	0.9912587412587412	0.37825216811207474
0.09868861717683991	0.23381443298969073	0.9912587412587412	0.3783783783783784
0.0986886766488047	0.23391089108910892	0.9912587412587412	0.37850467289719625
0.09868888265351164	0.23400742880726372	0.9912587412587412	0.3786310517529215
0.09868900546409326	0.23410404624277456	0.9912587412587412	0.3787575150300601
0.09868901850739921	0.2342007434944238	0.9912587412587412	0.3788840628132309
0.0986890253834905	0.23429752066115703	0.9912587412587412	0.3790106951871658
0.09868903230887315	0.2343943778420835	0.9912587412587412	0.37913741223671016
0.09868908035014246	0.23407775020678245	0.9895104895104895	0.3785953177257525
0.09868919421503017	0.2341745966073645	0.9895104895104895	0.3787219805955169
0.09868922572127761	0.23427152317880795	0.9895104895104895	0.3788487282463186
0.09868956425623794	0.23436853002070393	0.9895104895104895	0.37897556076330763
0.09868973228149054	0.23446561723280862	0.9895104895104895	0.37910247823174814
0.09869009443516648	0.2345627849150435	0.9895104895104895	0.37922948073701845
0.09869027562576323	0.23466003316749584	0.9895104895104895	0.37935656836461124
0.09869037206376965	0.23475736209041892	0.9895104895104895	0.3794837412001341
0.09869054877075367	0.23495226234952263	0.9895104895104895	0.3797383428379738
0.09869056958765922	0.2350498338870432	0.9895104895104895	0.3798657718120806
0.09869074047939828	0.235147486497715	0.9895104895104895	0.3799932863376972
0.09869106799440173	0.23524522028262676	0.9895104895104895	0.38012088650100734
0.09869110070919715	0.23534303534303536	0.9895104895104895	0.3802485723883104
0.09869121559978478	0.23544093178036607	0.9895104895104895	0.38037634408602156
0.09869125484634375	0.23553890969621308	0.9895104895104895	0.3805042016806722
0.09869128862033688	0.23563696919233973	0.9895104895104895	0.3806321452589106
0.0986913614091054	0.23573511037067887	0.9895104895104895	0.3807601749075008
0.09869175712232622	0.23583333333333334	0.9895104895104895	0.3808882907133243
0.09869217089041225	0.23593163818257606	0.9895104895104895	0.3810164927633793
0.09869241467207654	0.23603002502085071	0.9895104895104895	0.3811447811447811
0.09869250336513215	0.2361284939507718	0.9895104895104895	0.3812731559447625
0.098692676916742	0.2362270450751252	0.9895104895104895	0.38140161725067384
0.0986928351279931	0.23632567849686847	0.9895104895104895	0.3815301651499831
0.09869369099361779	0.23642439431913115	0.9895104895104895	0.38165879973027644
0.0986938559430251	0.2365231926452152	0.9895104895104895	0.381787521079258
0.0986941222004604	0.23662207357859533	0.9895104895104895	0.38191632928475033
0.098694306805991	0.2367210372229193	0.9895104895104895	0.3820452244346946
0.09869441528457232	0.23682008368200838	0.9895104895104895	0.3821742066171506
0.098694494788486	0.2369192130598577	0.9895104895104895	0.3823032759202972
0.0986947132192504	0.2370184254606365	0.9895104895104895	0.3824324324324324
0.09869501059575025	0.23711772098868872	0.9895104895104895	0.3825616762419736
0.09869535551637197	0.2372170997485331	0.9895104895104895	0.38269100743745776
0.09869541663033657	0.23731656184486374	0.9895104895104895	0.38282042610754147
0.09869575637470493	0.23741610738255034	0.9895104895104895	0.3829499323410014
0.09869606045618298	0.23751573646663868	0.9895104895104895	0.38307952622673436
0.09869627254359181	0.2377152456950861	0.9895104895104895	0.3833389773112089
0.09869631521784898	0.23781512605042016	0.9895104895104895	0.3834688346883469
0.0986963257097527	0.23791509037410677	0.9895104895104895	0.38359878007455095
0.09869643681293641	0.2380151387720774	0.9895104895104895	0.38372881355932204
0.09869648192771599	0.23811527135044172	0.9895104895104895	0.38385893523228215
0.09869656114833272	0.2382154882154882	0.9895104895104895	0.38398914518317506
0.09869665551715158	0.2383157894736842	0.9895104895104895	0.38411944350186633
0.09869671665563387	0.2384161752316765	0.9895104895104895	0.3842498302783435
0.0986969300450815	0.23861720067453626	0.9895104895104895	0.3845108695652174
0.09869707246131301	0.23871784057359763	0.9895104895104895	0.3846415222562012
0.09869731582077267	0.23839662447257384	0.9877622377622378	0.3840924541128484
0.09869742084237018	0.2384972562262558	0.9877622377622378	0.384223053383203
0.09869749528152422	0.23859797297297297	0.9877622377622378	0.3843537414965986
0.09869780144619887	0.23879966187658494	0.9877622377622378	0.38461538461538464
0.09869817452509899	0.23890063424947147	0.9877622377622378	0.38474633980251965
0.0986981912398219	0.23900169204737734	0.9877622377622378	0.3848773841961853
0.09869822113315246	0.23910283537875582	0.9877622377622378	0.3850085178875639
0.09869822549469408	0.23920406435224387	0.9877622377622378	0.38513974096796183
0.09869824844899576	0.23930537907666244	0.9877622377622378	0.3852710535288101
0.09869825076507711	0.23940677966101695	0.9877622377622378	0.3854024556616644
0.09869838742696026	0.23950826621449767	0.9877622377622378	0.38553394745820535
0.09869852145299476	0.23918575063613232	0.986013986013986	0.3849829351535836
0.09869853083518353	0.23928722952906237	0.986013986013986	0.3851143735063161
0.09869874079396752	0.23938879456706283	0.986013986013986	0.3852459016393443
0.09869885474368545	0.2394904458598726	0.986013986013986	0.3853775196446874
0.09869927076903427	0.23959218351741715	0.986013986013986	0.3855092276144908
0.09869941671445842	0.23969400764980875	0.986013986013986	0.38564102564102565
0.09869952232713419	0.23979591836734693	0.986013986013986	0.3857729138166895
0.09869959074025728	0.23989791578051892	0.986013986013986	0.38590489223400615
0.09869967536178036	0.24	0.986013986013986	0.3860369609856263
0.09869969979451579	0.24010217113665389	0.986013986013986	0.3861691201643273
0.09869977136182363	0.2402044293015332	0.986013986013986	0.38630136986301367
0.09870018829473262	0.24030677460587985	0.986013986013986	0.3864337101747174
0.09870031934691612	0.24040920716112532	0.986013986013986	0.3865661411925977
0.0987004191785049	0.24051172707889126	0.986013986013986	0.3866986630099417
0.09870055283777544	0.24061433447098976	0.986013986013986	0.3868312757201646
0.09870079628574677	0.2407170294494238	0.986013986013986	0.38696397941680954
0.09870086502013425	0.2408198121263877	0.986013986013986	0.3870967741935484
0.09870093853351075	0.2409226826142674	0.986013986013986	0.38722966014418125
0.0987010271707419	0.24102564102564103	0.986013986013986	0.3873626373626374
0.09870111096071366	0.24112868747327917	0.986013986013986	0.38749570594297494
0.0987012071984802	0.24123182207014543	0.986013986013986	0.38762886597938145
0.09870124044908248	0.24143835616438356	0.986013986013986	0.3878954607977992
0.0987012632099172	0.24154175588865096	0.986013986013986	0.3880288957688338
0.09870139203632966	0.2416452442159383	0.986013986013986	0.38816242257398487
0.09870152086289197	0.24174882126018002	0.986013986013986	0.3882960413080895
0.09870170643968208	0.241852487135506	0.986013986013986	0.38842975206611563
0.09870178415852139	0.24195624195624196	0.986013986013986	0.38856355494316225
0.09870184878572602	0.24206008583690988	0.986013986013986	0.388697450034459
0.09870214196259113	0.2421640188922284	0.986013986013986	0.3888314374353671
0.09870224874400804	0.2422680412371134	0.986013986013986	0.3889655172413793
0.09870247602337971	0.24237215298667814	0.986013986013986	0.38909968954812
0.09870289550001113	0.24247635425623387	0.986013986013986	0.3892339544513458
0.09870292853849953	0.24258064516129033	0.986013986013986	0.3893683120469451
0.09870308273085734	0.24278949634093844	0.986013986013986	0.38963730569948185
0.09870314894481351	0.24289405684754523	0.986013986013986	0.38977194194885967
0.09870318723339978	0.24299870745368377	0.986013986013986	0.3899066712754926
0.0987032271818826	0.24310344827586206	0.986013986013986	0.3900414937759336
0.09870341033634077	0.24320827943078913	0.986013986013986	0.3901764095468696
0.098703488414449	0.24331320103537532	0.986013986013986	0.3903114186851211
0.09870352992435175	0.24341821320673285	0.986013986013986	0.3904465212876428
0.0987036835206258	0.24352331606217617	0.986013986013986	0.3905817174515236
0.09870384807818679	0.24362850971922245	0.986013986013986	0.3907170072739869
0.0987039628059349	0.24373379429559205	0.986013986013986	0.3908523908523909
0.0987041507344067	0.2438391699092088	0.986013986013986	0.39098786828422877
0.09870434388254164	0.24394463667820068	0.986013986013986	0.391123439667129
0.09870436431725652	0.24405019472090003	0.986013986013986	0.39125910509885536
0.09870454142063351	0.24415584415584415	0.986013986013986	0.39139486467730744
0.09870487350392576	0.24426158510177565	0.986013986013986	0.3915307185005207
0.0987050493062486	0.24436741767764297	0.986013986013986	0.39166666666666666
0.09870536230554616	0.2444733420026008	0.986013986013986	0.3918027092740535
0.09870554365152713	0.2445793581960104	0.986013986013986	0.3919388464211258
0.09870555373989956	0.24468546637744035	0.986013986013986	0.3920750782064651
0.09870559053803628	0.2443576388888889	0.9842657342657343	0.39151599443671764
0.09870575001110772	0.2444637429439861	0.9842657342657343	0.39165217391304347
0.09870591225785937	0.24456993918331885	0.9842657342657343	0.3917884481558803
0.09870604695197088	0.24467622772707517	0.9842657342657343	0.39192481726418377
0.09870637259880269	0.2447826086956522	0.9842657342657343	0.3920612813370474
0.09870642849910352	0.24488908220965638	0.9842657342657343	0.39219784047370254
0.09870645706711025	0.24499564838990426	0.9842657342657343	0.39233449477351917
0.09870649110145654	0.24510230735742272	0.9842657342657343	0.3924712443360056
0.0987070387106046	0.2452090592334495	0.9842657342657343	0.3926080892608089
0.09870744043977071	0.24531590413943355	0.9842657342657343	0.3927450296477154
0.09870761586308954	0.24542284219703575	0.9842657342657343	0.39288206559665034
0.09870766763949165	0.24552987352812908	0.9842657342657343	0.39301919720767886
0.09870770471396731	0.2456369982547993	0.9842657342657343	0.3931564245810055
0.09870780445632783	0.24574421649934527	0.9842657342657343	0.39329374781697524
0.09870795891552671	0.24585152838427948	0.9842657342657343	0.3934311670160727
0.09870808929321477	0.24595893403232852	0.9842657342657343	0.3935686822789234
0.09870810316981053	0.24606643356643357	0.9842657342657343	0.3937062937062937
0.09870864367632548	0.24617402710975075	0.9842657342657343	0.3938440013990906
0.09870873538935425	0.2462817147856518	0.9842657342657343	0.3939818054583625
0.09870893510610862	0.24660534384581692	0.9842657342657343	0.3943957968476357
0.09870895245258438	0.2467134092900964	0.9842657342657343	0.3945339873861248
0.09870899305969841	0.24682156948706707	0.9842657342657343	0.39467227479845773
0.09870910224222831	0.2469298245614035	0.9842657342657343	0.3948106591865358
0.09870910749800899	0.24703817463799913	0.9842657342657343	0.39494914065240266
0.09870932711846896	0.24714661984196665	0.9842657342657343	0.39508771929824565
0.09870937198776317	0.24725516029863856	0.9842657342657343	0.3952263952263953
0.0987095370323919	0.24747252747252746	0.9842657342657343	0.3955040393396558
0.09870960116408534	0.24758135444151275	0.9842657342657343	0.39564300773014754
0.09870970004129542	0.24769027716674	0.9842657342657343	0.3957820738137082
0.098709734360798	0.24779929577464788	0.9842657342657343	0.39592123769338955
0.09870974210479784	0.24790841039189784	0.9842657342657343	0.3960604994723883
0.09871010782271171	0.24801762114537446	0.9842657342657343	0.39619985925404644
0.09871032189271015	0.24812692816218598	0.9842657342657343	0.39633931714185144
0.0987105590249472	0.2482363315696649	0.9842657342657343	0.39647887323943665
0.09871076455952849	0.24834583149536832	0.9842657342657343	0.3966185276505812
0.09871077594667126	0.24845542806707854	0.9842657342657343	0.39675828047921075
0.09871082580266649	0.24856512141280354	0.9842657342657343	0.3968981318293972
0.09871097097172149	0.24867491166077738	0.9842657342657343	0.3970380818053597
0.09871099475650001	0.2487847989394609	0.9842657342657343	0.3971781305114639
0.09871103392119378	0.248894783377542	0.9842657342657343	0.39731827805222303
0.0987111403358592	0.24900486510393632	0.9842657342657343	0.3974585245322979
0.09871131981157118	0.24922532093846836	0.9842657342657343	0.39773931472977747
0.09871133746493556	0.24933569530558017	0.9842657342657343	0.39787985865724385
0.09871144965752461	0.24944616747895437	0.9842657342657343	0.3980205019441499
0.0987114878757961	0.2495567375886525	0.9842657342657343	0.3981612446958982
0.09871154616469925	0.24966740576496674	0.9842657342657343	0.3983020870180403
0.09871155859275144	0.24977817213842057	0.9842657342657343	0.3984430290162774
0.09871168692188706	0.2498890368397692	0.9842657342657343	0.3985840707964602
0.09871211170787564	0.25	0.9842657342657343	0.39872521246458925
0.09871227824433318	0.2501110617503332	0.9842657342657343	0.3988664541268155
0.09871230359430454	0.25022222222222223	0.9842657342657343	0.39900779588944013
0.09871230780443083	0.25033348154735435	0.9842657342657343	0.39914923785891526
0.098712312256665	0.25044483985765126	0.9842657342657343	0.399290780141844
0.09871251780550028	0.25055629728526924	0.9842657342657343	0.3994324228449805
0.09871255503464704	0.25066785396260016	0.9842657342657343	0.39957416607523066
0.09871265528957693	0.2507795100222717	0.9842657342657343	0.3997160099396521
0.09871285818673622	0.25089126559714797	0.9842657342657343	0.3998579545454546
0.09871305497394678	0.25100312082032994	0.9842657342657343	0.4
0.09871308645512562	0.25111507582515613	0.9842657342657343	0.40014214641080315
0.09871322879848983	0.25122713074520303	0.9842657342657343	0.40028439388553144
0.09871326239081137	0.2513392857142857	0.9842657342657343	0.4004267425320057
0.09871332955839694	0.25145154086645827	0.9842657342657343	0.4005691924582
0.09871359441668996	0.2515638963360143	0.9842657342657343	0.400711743772242
0.09871363609022978	0.25178890876565296	0.9842657342657343	0.400997150997151
0.09871370304119541	0.2519015659955257	0.9842657342657343	0.40114000712504455
0.09871377790860882	0.25201432408236346	0.9842657342657343	0.40128296507483957
0.09871407557749069	0.25212718316166594	0.9842657342657343	0.4014260249554368
0.09871414659236404	0.2522401433691756	0.9842657342657343	0.4015691868758916
0.0987143306515333	0.25235320484087853	0.9842657342657343	0.40171245094541563
0.09871439034646463	0.25246636771300446	0.9842657342657343	0.4018558172733761
0.09871447257688454	0.25257963212202783	0.9842657342657343	0.4019992859692967
0.09871451521253301	0.25269299820466784	0.9842657342657343	0.4021428571428571
0.09871458535013096	0.25280646609788954	0.9842657342657343	0.4022865309038942
0.09871459483568996	0.2529200359389039	0.9842657342657343	0.40243030736240176
0.09871473907589079	0.25303370786516854	0.9842657342657343	0.4025741866285306
0.09871479299946338	0.25314748201438847	0.9842657342657343	0.40271816881258937
0.09871492520446287	0.2532613585245164	0.9842657342657343	0.4028622540250447
0.09871492677606149	0.25337533753375335	0.9842657342657343	0.4030064423765211
0.09871494237979139	0.2534894191805493	0.9842657342657343	0.4031507339778016
0.09871498339991674	0.2536036036036036	0.9842657342657343	0.4032951289398281
0.0987152393552385	0.2537178909418657	0.9842657342657343	0.4034396273737012
0.09871532297579778	0.2538322813345356	0.9842657342657343	0.403584229390681
0.09871534991206841	0.2539467749210645	0.9842657342657343	0.4037289351021871
0.09871536536822663	0.25406137184115524	0.9842657342657343	0.4038737446197992
0.09871546003099035	0.25417607223476296	0.9842657342657343	0.4040186580552565
0.09871552565618559	0.25429087624209573	0.9842657342657343	0.4041636755204594
0.09871557063705877	0.254405784003615	0.9842657342657343	0.40430879712746864
0.09871571763626245	0.25463591135232927	0.9842657342657343	0.4045993532159541
0.09871575075468698	0.25475113122171944	0.9842657342657343	0.4047447879223581
0.09871585905340183	0.25486645540968766	0.9842657342657343	0.4048903272204244
0.09871586697235825	0.254981884057971	0.9842657342657343	0.40503597122302154
0.0987160255440803	0.25509741730856367	0.9842657342657343	0.405181720043181
0.09871607922888302	0.25521305530371713	0.9842657342657343	0.40532757379409645
0.0987162278946262	0.25532879818594106	0.9842657342657343	0.40547353258912494
0.0987162889304729	0.2554446460980036	0.9842657342657343	0.4056195965417867
0.09871638888095967	0.2555605991829324	0.9842657342657343	0.40576576576576573
0.09871641393471974	0.25567665758401453	0.9842657342657343	0.4059120403749099
0.09871666174847009	0.2557928214447978	0.9842657342657343	0.40605842048323115
0.09871678045931306	0.2559090909090909	0.9842657342657343	0.4062049062049062
0.09871689150646171	0.25602546612096405	0.9842657342657343	0.40635149765427636
0.09871725150023715	0.25614194722474976	0.9842657342657343	0.4064981949458483
0.09871739344096132	0.2563752276867031	0.9842657342657343	0.4067919075144509
0.0987174863754159	0.25649202733485194	0.9842657342657343	0.40693892302132273
0.09871764535560365	0.25660893345487695	0.9842657342657343	0.40708604483007954
0.09871768570766629	0.25672594619243044	0.9842657342657343	0.4072332730560579
0.0987177067384005	0.2568430656934307	0.9842657342657343	0.4073806078147612
0.0987178210165869	0.25696029210406207	0.9842657342657343	0.4075280492218603
0.09871784460512506	0.25719506624029237	0.9842657342657343	0.4078232524447664
0.09871801189909506	0.2573126142595978	0.9842657342657343	0.40797101449275364
0.0987181808475461	0.2574302697759488	0.9842657342657343	0.40811888365349763
0.09871833457427355	0.257548032936871	0.9842657342657343	0.40826686004350976
0.09871837427851081	0.2576659038901602	0.9842657342657343	0.4084149437794704
0.09871840728127104	0.25778388278388276	0.9842657342657343	0.4085631349782294
0.09871847281187202	0.2579019697663765	0.9842657342657343	0.40871143375680574
0.09871851959118637	0.25802016498625113	0.9842657342657343	0.4088598402323893
0.0987185953533273	0.2581384685923888	0.9842657342657343	0.40900835452233925
0.09871859904608538	0.2582568807339449	0.9842657342657343	0.40915697674418594
0.09871878497661395	0.25837540156034877	0.9842657342657343	0.4093057070156306
0.09871880536961909	0.25849403122130393	0.9842657342657343	0.4094545454545454
0.09871883081141875	0.25861276986678916	0.9842657342657343	0.4096034921789741
0.09871884192011507	0.2587316176470588	0.9842657342657343	0.40975254730713245
0.09871889976975995	0.25885057471264367	0.9842657342657343	0.409901710957408
0.09871890505717444	0.25896964121435145	0.9842657342657343	0.41005098324836126
0.09871891010940223	0.2590888173032674	0.9842657342657343	0.410200364298725
0.09871955805952391	0.25920810313075504	0.9842657342657343	0.41034985422740516
0.0987195972267147	0.25944700460829495	0.9842657342657343	0.41064916119620715
0.09871976227100394	0.2595666205624712	0.9842657342657343	0.4107989784750092
0.09871984344135439	0.25968634686346864	0.9842657342657343	0.41094890510948906
0.09872002863436939	0.25980618366405167	0.9842657342657343	0.41109894121942314
0.09872012030502629	0.25992613111726687	0.9842657342657343	0.41124908692476264
0.0987201755311242	0.2600461893764434	0.9842657342657343	0.41139934234563397
0.0987202207063089	0.2601663585951941	0.9842657342657343	0.41154970760233917
0.09872027765036039	0.2602866389274156	0.9842657342657343	0.4117001828153565
0.09872040178501845	0.26040703052728953	0.9842657342657343	0.41185076810534016
0.09872042574549768	0.26052753354928276	0.9842657342657343	0.4120014635931211
0.09872044474903077	0.26064814814814813	0.9842657342657343	0.41215226939970717
0.09872048346697336	0.26076887447892544	0.9842657342657343	0.41230318564628343
0.09872058884512315	0.2608897126969416	0.9842657342657343	0.41245421245421243
0.0987206624730327	0.2610106629578118	0.9842657342657343	0.4126053499450348
0.09872067770639936	0.26113172541743973	0.9842657342657343	0.41275659824046923
0.09872068756683602	0.2612529002320186	0.9842657342657343	0.41290795746241293
0.09872071394111501	0.26137418755803155	0.9842657342657343	0.413059427732942
0.09872094076751131	0.26149558755225266	0.9842657342657343	0.4132110091743119
0.09872094565775588	0.26161710037174724	0.9842657342657343	0.4133627019089574
0.09872097664315735	0.2617387261738726	0.9842657342657343	0.4135145060594932
0.09872098217373333	0.2618604651162791	0.9842657342657343	0.4136664217487142
0.09872102562157307	0.2619823173569102	0.9842657342657343	0.41381844909959575
0.09872136194061218	0.26210428305400374	0.9842657342657343	0.41397058823529415
0.09872146136798228	0.2622263623660922	0.9842657342657343	0.41412283927914667
0.09872153448729773	0.26234855545200375	0.9842657342657343	0.41427520235467263
0.09872163264508782	0.2624708624708625	0.9842657342657343	0.4144276775855723
0.0987217782250315	0.26259328358208955	0.9842657342657343	0.41458026509572904
0.09872187404519589	0.26271581894540363	0.9842657342657343	0.4147329650092081
0.09872187734059983	0.26283846872082167	0.9842657342657343	0.4148857774502579
0.09872191561297174	0.2629612330686595	0.9842657342657343	0.4150387025433099
0.0987219551696653	0.2630841121495327	0.9842657342657343	0.4151917404129793
0.09872207958359905	0.26320710612435716	0.9842657342657343	0.41534489118406487
0.09872213010941208	0.26333021515434984	0.9842657342657343	0.41549815498154974
0.0987221611378185	0.2634534394010295	0.9842657342657343	0.4156515319306018
0.09872238003123679	0.26357677902621723	0.9842657342657343	0.41580502215657317
0.09872248512668295	0.2637002341920375	0.9842657342657343	0.41595862578500187
0.0987226313560097	0.26382380506091846	0.9842657342657343	0.41611234294161126
0.09872273888734959	0.26394749179559307	0.9842657342657343	0.41626617375231056
0.09872274289169086	0.26407129455909945	0.9842657342657343	0.4164201183431953
0.0987228103983969	0.2641952135147818	0.9842657342657343	0.41657417684054765
0.09872293692678108	0.2643192488262911	0.9842657342657343	0.41672834937083647
0.09872316585105177	0.2644434006575857	0.9842657342657343	0.41688263606071824
0.09872321198725359	0.26544082979726547	0.9842657342657343	0.41812105458596366
0.09872356450925263	0.2655660377358491	0.9842657342657343	0.4182763744427934
0.09872364161254261	0.26569136385087305	0.9842657342657343	0.41843180973615757
0.09872371457487827	0.26581680830972615	0.9842657342657343	0.4185873605947955
0.0987237327624319	0.2659423712801134	0.9842657342657343	0.41874302714763856
0.09872377826865862	0.2660680529300567	0.9842657342657343	0.4188988095238095
0.09872381396975415	0.266193853427896	0.9842657342657343	0.4190547078526238
0.09872383089456367	0.2663197729422895	0.9842657342657343	0.41921072226358896
0.09872386640670802	0.26644581164221487	0.9842657342657343	0.4193668528864059
0.09872390417075232	0.2665719696969697	0.9842657342657343	0.4195230998509688
0.09872395507109882	0.2666982472761724	0.9842657342657343	0.4196794632873649
0.09872406742866588	0.266824644549763	0.9842657342657343	0.41983594332587615
0.09872409691308541	0.2669511616880038	0.9842657342657343	0.4199925400969788
0.09872414094999683	0.2670777988614801	0.9842657342657343	0.4201492537313434
0.0987241517752254	0.26720455624110107	0.9842657342657343	0.4203060843598357
0.09872432036913695	0.26733143399810066	0.9842657342657343	0.4204630321135175
0.09872432967981552	0.267458432304038	0.9842657342657343	0.42062009712364584
0.09872453326627749	0.2675855513307985	0.9842657342657343	0.42077727952167415
0.09872456969271433	0.2677127912505944	0.9842657342657343	0.42093457943925233
0.09872458554457797	0.26784015223596574	0.9842657342657343	0.42109199700822736
0.09872463127512764	0.26796763445978106	0.9842657342657343	0.42124953236064344
0.09872476049245613	0.2680952380952381	0.9842657342657343	0.4214071856287426
0.0987247873686314	0.2682229633158647	0.9842657342657343	0.4215649569449645
0.0987248120306788	0.26835081029551955	0.9842657342657343	0.4217228464419476
0.0987248439336262	0.2684787792083929	0.9842657342657343	0.421880854252529
0.09872488924046526	0.2687350835322196	0.9842657342657343	0.4221972253468317
0.09872494125729635	0.2688634192932187	0.9842657342657343	0.42235558889722424
0.09872495066765256	0.26899187768752986	0.9842657342657343	0.42251407129455903
0.09872503199618705	0.2691204588910134	0.9842657342657343	0.42267267267267267
0.09872509798129653	0.26924916307986607	0.9842657342657343	0.4228313931656027
0.09872510731212104	0.269377990430622	0.9842657342657343	0.42299023290758825
0.09872519846136357	0.26950694112015317	0.9842657342657343	0.42314919203307033
0.09872520738510077	0.2696360153256705	0.9842657342657343	0.4233082706766917
0.09872521638753892	0.26976521322472446	0.9842657342657343	0.42346746897329823
0.09872523340627928	0.26989453499520616	0.9842657342657343	0.4236267870579383
0.09872528813620621	0.2701535508637236	0.9842657342657343	0.4239457831325301
0.09872539399947484	0.2702832453192511	0.9842657342657343	0.42410546139359695
0.09872541772074057	0.27041306436119117	0.9842657342657343	0.4242652599849284
0.09872542078037726	0.27054300816914945	0.9842657342657343	0.4244251790425933
0.09872549093446967	0.2706730769230769	0.9842657342657343	0.4245852187028658
0.09872552202317784	0.2708032708032708	0.9842657342657343	0.4247453791022256
0.09872560302636686	0.27093358999037537	0.9842657342657343	0.4249056603773585
0.09872569093391076	0.27106403466538276	0.9842657342657343	0.42506606266515656
0.09872582196892797	0.27119460500963394	0.9842657342657343	0.4252265861027191
0.09872582429888382	0.2713253012048193	0.9842657342657343	0.42538723082735175
0.09872588879032397	0.2715870718765075	0.9842657342657343	0.4257088846880907
0.09872605216880695	0.2717181467181467	0.9842657342657343	0.4258698940998487
0.0987261976994231	0.2718493481409947	0.9842657342657343	0.4260310253499811
0.0987262761103946	0.2719806763285024	0.9842657342657343	0.4261922785768357
0.09872646450604883	0.2721121314644756	0.9842657342657343	0.4263536539189702
0.0987266019521369	0.27224371373307543	0.9842657342657343	0.4265151515151515
0.09872661487001112	0.27237542331881953	0.9842657342657343	0.4266767715043577
0.09872666250112845	0.2725072604065828	0.9842657342657343	0.42683851402577705
0.09872667899598277	0.27263922518159805	0.9842657342657343	0.42700037921880923
0.09872677287154347	0.27277131782945735	0.9842657342657343	0.4271623672230652
0.09872689014610059	0.27290353853611243	0.9842657342657343	0.4273244781783681
0.09872693122358175	0.27303588748787583	0.9842657342657343	0.4274867122247532
0.09872705763597646	0.27316836487142165	0.9842657342657343	0.42764906950246867
0.09872711973002608	0.2733009708737864	0.9842657342657343	0.4278115501519757
0.09872726217589568	0.2734337056823701	0.9842657342657343	0.4279741543139491
0.09872728918513314	0.27356656948493685	0.9842657342657343	0.4281368821292776
0.09872731288289864	0.27369956246961596	0.9842657342657343	0.4282997337390643
0.09872741046198642	0.27383268482490275	0.9842657342657343	0.42846270928462715
0.09872747645967511	0.27396593673965935	0.9842657342657343	0.428625808907499
0.09872748519250785	0.27409931840311585	0.9842657342657343	0.4287890327494288
0.09872759663285267	0.2742328300048709	0.9842657342657343	0.4289523809523809
0.09872761554584182	0.2743664717348928	0.9842657342657343	0.4291158536585366
0.09872770284805721	0.2745002437835202	0.9842657342657343	0.4292794510102936
0.09872796347306097	0.27463414634146344	0.9842657342657343	0.429443173150267
0.09872797642238915	0.27476817959980476	0.9842657342657343	0.42960702022128955
0.09872798534757632	0.27490234375	0.9842657342657343	0.42977099236641225
0.09872803438235248	0.27503663898387887	0.9842657342657343	0.42993508972890415
0.0987280414315393	0.2751710654936461	0.9842657342657343	0.4300993124522536
0.0987281206497042	0.27530562347188264	0.9842657342657343	0.4302636606801682
0.09872819614096821	0.275440313111546	0.9842657342657343	0.43042813455657486
0.098728313476613	0.2755751346059716	0.9842657342657343	0.4305927342256215
0.09872832004261457	0.27571008814887366	0.9842657342657343	0.43075745983167557
0.09872837535718937	0.27584517393434593	0.9842657342657343	0.4309223115193265
0.0987285036209797	0.27598039215686276	0.9842657342657343	0.43108728943338437
0.09872855346944613	0.27611574301128006	0.9842657342657343	0.4312523937188817
0.09872858488896957	0.27625122669283614	0.9842657342657343	0.43141762452107285
0.09872875358367075	0.2763868433971527	0.9842657342657343	0.4315829819854351
0.0987287704202508	0.27652259332023577	0.9842657342657343	0.4317484662576687
0.09872888016572726	0.27665847665847665	0.9842657342657343	0.4319140774836977
0.09872892698124136	0.2767944936086529	0.9842657342657343	0.43207981580967
0.09872900970613978	0.2769306443679292	0.9842657342657343	0.4322456813819578
0.09872908341326644	0.2770669291338583	0.9842657342657343	0.4324116743471582
0.09872914641626679	0.2772033481043821	0.9842657342657343	0.4325777948520937
0.09872922500173881	0.2773399014778325	0.9842657342657343	0.4327440430438124
0.09872946976858378	0.27747658945293247	0.9842657342657343	0.43291041906958866
0.0987295282641206	0.2776134122287968	0.9842657342657343	0.433076923076923
0.09872964332973155	0.2777503700049334	0.9842657342657343	0.43324355521354363
0.09872967076136838	0.27788746298124384	0.9842657342657343	0.4334103156274057
0.09872968344948832	0.2780246913580247	0.9842657342657343	0.43357720446669235
0.09872998538785527	0.2781620553359684	0.9842657342657343	0.4337442218798151
0.09872999264633692	0.2782995551161641	0.9842657342657343	0.43391136801541424
0.09873001261689687	0.2784371909000989	0.9842657342657343	0.43407864302235916
0.09873009368865963	0.2785749628896586	0.9842657342657343	0.4342460470497493
0.09873010261480299	0.27871287128712874	0.9842657342657343	0.4344135802469136
0.09873017160681874	0.27885091629519565	0.9842657342657343	0.4345812427634118
0.09873021429314778	0.27912741695587506	0.9842657342657343	0.4349169563538046
0.09873022612175412	0.279265873015873	0.9842657342657343	0.43508500772797537
0.09873024160180176	0.2794044665012407	0.9842657342657343	0.4352531890220332
0.09873028786658658	0.2795431976166832	0.9842657342657343	0.43542150038669764
0.09873038178633116	0.2796820665673125	0.9842657342657343	0.4355899419729207
0.09873056681648813	0.2799602187966186	0.9842657342657343	0.43592721641502136
0.09873062419024296	0.280238924838228	0.9842657342657343	0.4362650135606355
0.09873066915630935	0.28037848605577687	0.9842657342657343	0.4364341085271317
0.09873073313599387	0.28051818634778275	0.9842657342657343	0.43660333462582396
0.09873076158540803	0.2806580259222333	0.9842657342657343	0.4367726920093095
0.0987307924634389	0.28079800498753116	0.9842657342657343	0.43694218083042297
0.09873080626773786	0.280938123752495	0.9842657342657343	0.43711180124223603
0.0987310672294093	0.28107838242636046	0.9842657342657343	0.4372815533980583
0.098731205374021	0.28121878121878124	0.9842657342657343	0.4374514374514375
0.09873132055619228	0.2813593203398301	0.9842657342657343	0.4376214535561601
0.09873152118746462	0.2815	0.9842657342657343	0.4377916018662519
0.09873155037630253	0.2816408204102051	0.9842657342657343	0.4379618825359782
0.0987315519822523	0.28178178178178176	0.9842657342657343	0.4381322957198444
0.09873155743848827	0.2819228843264897	0.9842657342657343	0.43830284157259636
0.09873156999741324	0.282064128256513	0.9842657342657343	0.4384735202492212
0.09873162392092914	0.2822055137844611	0.9842657342657343	0.43864433190494734
0.0987318552549381	0.2823470411233701	0.9842657342657343	0.4388152766952455
0.09873188393803776	0.2824887104867035	0.9842657342657343	0.43898635477582854
0.09873213965296777	0.28263052208835343	0.9842657342657343	0.43915756630265207
0.09873218584353294	0.2827724761426419	0.9842657342657343	0.43932891143191577
0.09873225366580478	0.2829145728643216	0.9842657342657343	0.43950039032006244
0.09873236993265297	0.28305681246857717	0.9842657342657343	0.43967200312377974
0.09873237528581448	0.28319919517102615	0.9842657342657343	0.43984375
0.09873240916804851	0.28334172118772016	0.9842657342657343	0.4400156311059007
0.09873244784598252	0.28348439073514603	0.9842657342657343	0.4401876465989054
0.09873248509756588	0.2836272040302267	0.9842657342657343	0.44035979663668356
0.09873251300730965	0.28377016129032256	0.9842657342657343	0.4405320813771518
0.09873260400667741	0.2839132627332325	0.9842657342657343	0.4407045009784736
0.09873268115094655	0.2840565085771948	0.9842657342657343	0.44087705559906026
0.09873268951956685	0.28419989904088844	0.9842657342657343	0.44104974539757147
0.09873273811180991	0.28434343434343434	0.9842657342657343	0.4412225705329154
0.09873275939387949	0.28448711470439614	0.9842657342657343	0.44139553116424934
0.09873295575388422	0.2846309403437816	0.9842657342657343	0.4415686274509804
0.09873297022538496	0.2847749114820435	0.9842657342657343	0.44174185955276574
0.09873298456222919	0.284919028340081	0.9842657342657343	0.4419152276295134
0.09873300170069611	0.2850632911392405	0.9842657342657343	0.442088731841382
0.0987330648413571	0.28520770010131713	0.9842657342657343	0.44226237234878246
0.09873312599765262	0.2853522554485555	0.9842657342657343	0.44243614931237724
0.09873312909324801	0.2854969574036511	0.9842657342657343	0.44261006289308175
0.09873313126130993	0.2856418061897514	0.9842657342657343	0.44278411325206446
0.09873315888948626	0.28578680203045687	0.9842657342657343	0.4429583005507474
0.09873322971563037	0.28593194514982223	0.9842657342657343	0.44313262495080674
0.09873325551962943	0.2860772357723577	0.9842657342657343	0.44330708661417323
0.09873326634945162	0.28622267412303	0.9842657342657343	0.4434816857030327
0.09873329604717006	0.2863682604272635	0.9842657342657343	0.4436564223798266
0.09873331468874394	0.2865139949109415	0.9842657342657343	0.4438312968072527
0.09873334798181482	0.28665987780040736	0.9842657342657343	0.44400630914826505
0.09873338229109975	0.28680590932246564	0.9842657342657343	0.444181459566075
0.09873344323409289	0.2869520897043833	0.9842657342657343	0.4443567482241516
0.09873347447379141	0.2870984191738909	0.9842657342657343	0.44453217528622185
0.09873350535478018	0.2873915262889229	0.9842657342657343	0.444883445278546
0.09873351303652372	0.287538304392237	0.9842657342657343	0.44505928853754945
0.09873361254220737	0.2876852324987225	0.9842657342657343	0.4452352708580466
0.0987337061392463	0.2878323108384458	0.9842657342657343	0.4454113924050633
0.09873373328000075	0.2879795396419437	0.9842657342657343	0.44558765334388606
0.09873390663018411	0.2881269191402252	0.9842657342657343	0.4457640538400634
0.09873392720746474	0.28827444956477216	0.9842657342657343	0.445940594059406
0.09873394425664869	0.288422131147541	0.9842657342657343	0.4461172741679874
0.09873396982868352	0.2885699641209636	0.9842657342657343	0.44629409433214423
0.09873400890636122	0.2887179487179487	0.9842657342657343	0.44647105471847737
0.09873405800940088	0.288866085171883	0.9842657342657343	0.4466481554938516
0.0987341111157193	0.28901437371663247	0.9842657342657343	0.44682539682539685
0.098734171102298	0.2891628145865434	0.9842657342657343	0.4470027788805082
0.09873425919925578	0.289311408016444	0.9842657342657343	0.4471803018268467
0.09873434205471238	0.28946015424164523	0.9842657342657343	0.4473579658323401
0.09873447752608787	0.28960905349794236	0.9842657342657343	0.4475357710651828
0.09873452616298531	0.2899073120494336	0.9842657342657343	0.44789180588703265
0.09873460596636655	0.2900566718186502	0.9842657342657343	0.44807003581376836
0.09873470338017441	0.29020618556701033	0.9842657342657343	0.44824840764331214
0.09873478378376079	0.29035585353274884	0.9842657342657343	0.44842692154520114
0.09873481681290276	0.29050567595459237	0.9842657342657343	0.448605577689243
0.09873499714770555	0.29065565307176044	0.9842657342657343	0.44878437624551615
0.09873504776155935	0.29080578512396693	0.9842657342657343	0.44896331738437
0.09873516993452638	0.2909560723514212	0.9842657342657343	0.449142401276426
0.09873520975524464	0.29110651499482937	0.9842657342657343	0.4493216280925778
0.09873534079244142	0.2912571132953958	0.9842657342657343	0.44950099800399207
0.09873548502914828	0.291407867494824	0.9842657342657343	0.44968051118210856
0.0987355249218718	0.2915587778353185	0.9842657342657343	0.4498601677986416
0.09873553104006007	0.2917098445595855	0.9842657342657343	0.45003996802557955
0.09873564008310007	0.2918610679108346	0.9842657342657343	0.45021991203518585
0.0987357422803071	0.2920124481327801	0.9842657342657343	0.4504
0.09873575299861341	0.29216398546964195	0.9842657342657343	0.45058023209283715
0.09873579404599726	0.29231568016614745	0.9842657342657343	0.45076060848678945
0.09873589489806343	0.2924675324675325	0.9842657342657343	0.45094112935522634
0.09873610956704192	0.2926195426195426	0.9842657342657343	0.4511217948717948
0.09873613232099818	0.29277171086843473	0.9842657342657343	0.4513026052104208
0.09873623587477613	0.29292403746097817	0.9842657342657343	0.45148356054530875
0.09873628608270334	0.293076522644456	0.9842657342657343	0.45166466105094266
0.09873637394663057	0.2935349322210636	0.9842657342657343	0.4522088353413654
0.09873641421762054	0.2936880542514345	0.9842657342657343	0.45239051828043386
0.09873652092201261	0.2938413361169102	0.9842657342657343	0.452572347266881
0.09873653450597394	0.2939947780678851	0.9842657342657343	0.4527543224768797
0.09873656289756232	0.2941483803552769	0.9842657342657343	0.4529364440868866
0.09873662265630055	0.29430214323052795	0.9842657342657343	0.45311871227364187
0.09873669976117072	0.2944560669456067	0.9842657342657343	0.4533011272141707
0.0987370883211452	0.2946101517530089	0.9842657342657343	0.45348368908578335
0.09873712496999078	0.29476439790575915	0.9842657342657343	0.4536663980660757
0.09873733370739615	0.29491880565741224	0.9842657342657343	0.4538492543329302
0.09873733381553398	0.2950733752620545	0.9842657342657343	0.4540322580645161
0.09873733606617596	0.2952281069743052	0.9842657342657343	0.45421540943929006
0.09873735355967402	0.2953830010493179	0.9842657342657343	0.4543987086359967
0.09873739693057328	0.29553805774278213	0.9842657342657343	0.45458215583366973
0.09873755178201124	0.2956932773109244	0.9842657342657343	0.4547657512116317
0.09873774135282697	0.29584866001050975	0.9842657342657343	0.454949494949495
0.09873774873404349	0.2960042060988433	0.9842657342657343	0.4551333872271625
0.09873789274837665	0.2961599158337717	0.9842657342657343	0.4553174282248282
0.09873795902383564	0.2963157894736842	0.9842657342657343	0.45550161812297735
0.09873798573282476	0.2964718272775145	0.9842657342657343	0.45568595710238763
0.09873800476326	0.2966280295047418	0.9842657342657343	0.4558704453441295
0.0987380227002943	0.2967843964153927	0.9842657342657343	0.45605508302956654
0.09873804862016589	0.2969409282700422	0.9842657342657343	0.45623987034035657
0.0987381805153063	0.2970976253298153	0.9842657342657343	0.4564248074584516
0.09873826248645011	0.2972544878563886	0.9842657342657343	0.4566098945660989
0.09873835784015325	0.29741151611199157	0.9842657342657343	0.45679513184584186
0.09873874629898441	0.2977260708619778	0.9842657342657343	0.4571660576532683
0.09873881298178323	0.29788359788359786	0.9842657342657343	0.45735174654752236
0.09873893554865157	0.2980412916887242	0.9842657342657343	0.45753758634701336
0.09873895131947177	0.2981991525423729	0.9842657342657343	0.4577235772357724
0.09873923705448774	0.2983571807101219	0.9842657342657343	0.4579097193981294
0.0987393573860988	0.2985153764581124	0.9842657342657343	0.4580960130187144
0.09873951991935062	0.2986737400530504	0.9842657342657343	0.4582824582824583
0.09873972872141866	0.29883227176220806	0.9842657342657343	0.45846905537459276
0.0987399478197973	0.2989909718534254	0.9842657342657343	0.4586558044806517
0.09874008951702584	0.29914984059511157	0.9842657342657343	0.458842705786471
0.09874011188079225	0.2993088782562467	0.9842657342657343	0.45902975947818997
0.09874051441651853	0.29946808510638295	0.9842657342657343	0.4592169657422512
0.09874056978862612	0.2996274614156466	0.9842657342657343	0.45940432476540183
0.09874082417349368	0.2997870074547391	0.9842657342657343	0.45959183673469384
0.09874089421586647	0.2999467234949387	0.9842657342657343	0.4597795018374846
0.09874097680300782	0.30010660980810233	0.9842657342657343	0.45996732026143794
0.09874100733116041	0.3002666666666667	0.9842657342657343	0.4601552921945239
0.09874101187016734	0.30042689434364994	0.9842657342657343	0.46034341782502036
0.098741153243204	0.3005872931126535	0.9842657342657343	0.4605316973415132
0.09874120656985073	0.30074786324786323	0.9842657342657343	0.4607201309328969
0.09874136166038755	0.3009086050240513	0.9842657342657343	0.46090871878837497
0.09874142394580479	0.30106951871657756	0.9842657342657343	0.4610974610974611
0.09874164339547602	0.3012306046013911	0.9842657342657343	0.4612863580499795
0.09874207857769021	0.3013918629550321	0.9842657342657343	0.4614754098360655
0.0987423111990159	0.3015532940546331	0.9842657342657343	0.4616646166461665
0.09874247391867705	0.3017148981779207	0.9842657342657343	0.4618539786710419
0.09874283689989266	0.3018766756032172	0.9842657342657343	0.4620434961017645
0.09874349363116064	0.3020386266094421	0.9842657342657343	0.46223316912972096
0.09874414448090321	0.3022007514761138	0.9842657342657343	0.46242299794661196
0.0987441454391722	0.3023630504833512	0.9842657342657343	0.4626129827444535
0.09874420570737182	0.3025255239118753	0.9842657342657343	0.46280312371557747
0.09874460046553005	0.30268817204301074	0.9842657342657343	0.4629934210526316
0.09874481506586182	0.30285099515868746	0.9842657342657343	0.4631838749485809
0.0987455771235147	0.30301399354144243	0.9842657342657343	0.4633744855967079
0.09874564326184149	0.3031771674744211	0.9842657342657343	0.4635652531906134
0.09874571720821186	0.30334051724137934	0.9842657342657343	0.4637561779242175
0.09874607520324194	0.3035040431266846	0.9842657342657343	0.46394725999175934
0.09874631296661755	0.3036677454153182	0.9842657342657343	0.4641384995877989
0.09874661935790097	0.3038316243928764	0.9842657342657343	0.46432989690721654
0.09874672982571418	0.30399568034557234	0.9842657342657343	0.46452145214521456
0.09874727156015785	0.3041599135602377	0.9842657342657343	0.46471316549731734
0.0987473342741877	0.3043243243243243	0.9842657342657343	0.46490503715937237
0.09874984896232851	0.3044889129259059	0.9842657342657343	0.4650970673275506
0.09875001822031311	0.3046536796536797	0.9842657342657343	0.4652892561983471
0.09875075872703297	0.30481862479696803	0.9842657342657343	0.465481603968582
0.09875090454004358	0.3051490514905149	0.9842657342657343	0.4658667769962764
0.09875091414161366	0.30531453362255967	0.9842657342657343	0.46605960264900664
0.09875114862847666	0.3054801953336951	0.9842657342657343	0.4662525879917185
0.0987520324101573	0.30564603691639525	0.9842657342657343	0.4664457332228667
0.09875225914062412	0.3061446438281675	0.9842657342657343	0.4670261302364164
0.0987538752116332	0.3063112078346028	0.9842657342657343	0.46721991701244814
0.09875409459480092	0.30647795318454	0.9842657342657343	0.4674138646741387
0.09875448369054303	0.3066448801742919	0.9842657342657343	0.4676079734219269
0.09875656609942592	0.3068119891008174	0.9842657342657343	0.467802243456585
0.09875768109420842	0.306979280261723	0.9842657342657343	0.4679966749792186
0.09875792755294215	0.3071467539552646	0.9842657342657343	0.46819126819126816
0.098758369977799	0.30731441048034935	0.9842657342657343	0.46838602329450907
0.0987592502241691	0.3074822501365374	0.9842657342657343	0.46858094049105287
0.09876069384333934	0.3076502732240437	0.9842657342657343	0.46877601998334717
0.09876275418673816	0.3079868708971554	0.9842657342657343	0.46916666666666673
0.09876440609319971	0.30815544608648054	0.9842657342657343	0.46936223426427676
0.09876471315003353	0.3084931506849315	0.9842657342657343	0.46975385899040467
0.09876646850791923	0.3086622807017544	0.9842657342657343	0.46994991652754586
0.09876723995534062	0.3088315962698848	0.9842657342657343	0.4701461377870564
0.0987689936458384	0.30900109769484085	0.9842657342657343	0.47034252297410195
0.09876935595295104	0.30917078528281167	0.9842657342657343	0.47053907229419145
0.09876986550987667	0.30934065934065935	0.9842657342657343	0.47073578595317717
0.09877003095094027	0.30951072017592085	0.9842657342657343	0.4709326641572564
0.09877368726142995	0.3096809680968097	0.9842657342657343	0.4711297071129707
0.09877411190861912	0.30985140341221795	0.9842657342657343	0.4713269150272081
0.09877493452821734	0.31002202643171806	0.9842657342657343	0.47152428810720265
0.098775656093919	0.31019283746556475	0.9842657342657343	0.47172182656053624
0.09877890319765767	0.3103638368246968	0.9842657342657343	0.47191953059513836
0.09878090648472328	0.3105350248207391	0.9842657342657343	0.4721174004192871
0.09878180892066764	0.3108779679734953	0.9842657342657343	0.4725136382710869
0.09878208517803651	0.3110497237569061	0.9842657342657343	0.47271200671704455
0.09878230502732424	0.3112216694306247	0.9842657342657343	0.47291054178916425
0.0987823503857578	0.31139380530973454	0.9842657342657343	0.47310924369747903
0.09878503196610793	0.3115661317100166	0.9842657342657343	0.473308112652375
0.09878732396649842	0.3117386489479513	0.9842657342657343	0.4735071488645921
0.09878774618226112	0.31191135734072023	0.9842657342657343	0.47370635254522503
0.09879000744261754	0.3120842572062084	0.9842657342657343	0.4739057239057239
0.09879092577706315	0.3122573488630061	0.9842657342657343	0.47410526315789475
0.09879125939836661	0.31243063263041065	0.9842657342657343	0.47430497051390064
0.09879534634074633	0.31260410882842865	0.9842657342657343	0.4745048461862621
0.10047910344623884	0.3195232690124858	0.9842657342657343	0.4824335904027421
0.11017080371872975	0.3197047132311187	0.9842657342657343	0.4826403771967424
0.11038622163431912	0.32006822057987494	0.9842657342657343	0.48305448305448306
0.11184996177912744	0.32025028441410697	0.9842657342657343	0.48326180257510737
0.1120409431563889	0.3204325554923165	0.9842657342657343	0.4834693001288107
0.11234163245055662	0.3206150341685649	0.9842657342657343	0.48367697594501724
0.11247854226310904	0.3207977207977208	0.9842657342657343	0.48388483025354534
0.11280772039588863	0.3209806157354618	0.9842657342657343	0.48409286328460877
0.11294512595173026	0.32116371933827725	0.9842657342657343	0.48430107526881727
0.11323415308339271	0.32153055396916047	0.9842657342657343	0.48471803702109334
0.11333063873928675	0.32171428571428573	0.9842657342657343	0.48492678725236865
0.1135100166327136	0.3218982275586049	0.9842657342657343	0.48513571736320554
0.11367581590702706	0.3220823798627002	0.9842657342657343	0.48534482758620684
0.11396647264586077	0.32245131729667814	0.9842657342657343	0.4857635893011216
0.11400804786171082	0.3226361031518625	0.9842657342657343	0.4859732412602503
0.11407736925500415	0.3228211009174312	0.9842657342657343	0.48618307426597585
0.11428555380465585	0.3230063109581182	0.9842657342657343	0.48639308855291585
0.11450798197467484	0.3231917336394948	0.9842657342657343	0.4866032843560933
0.11488418420995965	0.32337736932797245	0.9842657342657343	0.4868136619109382
0.11499585791175976	0.3235632183908046	0.9842657342657343	0.4870242214532872
0.11500982376342937	0.3237492811960897	0.9842657342657343	0.48723496321938553
0.11517752911440202	0.3239355581127733	0.9842657342657343	0.48744588744588746
0.11547152532743074	0.32412204951065055	0.9842657342657343	0.48765699436985704
0.11587859259726584	0.32430875576036866	0.9842657342657343	0.48786828422876954
0.11614596747887522	0.32449567723342937	0.9842657342657343	0.4880797572605114
0.11623051291398791	0.3246828143021915	0.9842657342657343	0.4882914137033825
0.11631511179274316	0.32487016733987306	0.9842657342657343	0.48850325379609544
0.116329216803323	0.3252455228191797	0.9842657342657343	0.4889274858879722
0.116427993470313	0.32543352601156067	0.9842657342657343	0.48913987836663764
0.11645622874737661	0.32562174667437827	0.9842657342657343	0.4893524554541504
0.11649859280953188	0.3258101851851852	0.9842657342657343	0.4895652173913043
0.11656922931073091	0.3259988419224088	0.9842657342657343	0.48977816441931277
0.11662576527685796	0.3263768115942029	0.9842657342657343	0.49020461471484544
0.11668232504129362	0.3265661252900232	0.9842657342657343	0.4904181184668989
0.11676720932400399	0.3267556587347649	0.9842657342657343	0.49063180827886704
0.11703636315456727	0.32694541231126595	0.9842657342657343	0.49084568439407145
0.11714985199967012	0.3271353864032539	0.9842657342657343	0.49105974705625816
0.11716404481442097	0.32732558139534884	0.9842657342657343	0.49127399650959863
0.1172208309869583	0.3275159976730657	0.9842657342657343	0.49148843299869044
0.11723503125898305	0.3277066356228172	0.9842657342657343	0.4917030567685589
0.11726343627841052	0.3278974956319161	0.9842657342657343	0.491917868064657
0.11727764102601597	0.3280885780885781	0.9842657342657343	0.4921328671328672
0.11733447493808034	0.3282798833819242	0.9842657342657343	0.4923480542195015
0.11734868714701369	0.32847141190198365	0.9842657342657343	0.49256342957130356
0.11736290084851657	0.3286631640396964	0.9842657342657343	0.49277899343544856
0.11739133272963613	0.32885514018691586	0.9842657342657343	0.49299474605954463
0.11741977058224926	0.32904734073641145	0.9842657342657343	0.49321068769163373
0.11746243855949182	0.32923976608187133	0.9842657342657343	0.49342681858019277
0.11747666420519712	0.32943241661790523	0.9842657342657343	0.4936431389741342
0.1175478148379629	0.3296252927400468	0.9842657342657343	0.49385964912280705
0.11756204944607249	0.3298183948447569	0.9842657342657343	0.4940763492759982
0.11757628554827033	0.3300117233294256	0.9842657342657343	0.4942932396839333
0.1176047622353358	0.33020527859237536	0.9842657342657343	0.4945103205972771
0.1176190028204057	0.3305930710510863	0.9842657342657343	0.49494505494505486
0.11763324489996871	0.3307873090481786	0.9842657342657343	0.49516270888302544
0.1176474884741259	0.33098177542621987	0.9842657342657343	0.49538055433348
0.11766173354297843	0.3311764705882353	0.9842657342657343	0.4955985915492958
0.11769022816517424	0.33137139493819895	0.9842657342657343	0.4958168207837957
0.11771872876736535	0.33156654888103654	0.9842657342657343	0.49603524229074897
0.11777574791496939	0.33176193282262817	0.9842657342657343	0.496253856324372
0.11781852797917645	0.3319575471698113	0.9842657342657343	0.4964726631393298
0.11783279099226157	0.3321533923303835	0.9842657342657343	0.49669166299073664
0.11784705550135657	0.33234946871310506	0.9842657342657343	0.4969108561341571
0.11786132150656246	0.3325457767277023	0.9842657342657343	0.497130242825607
0.11788985800571121	0.33274231678487	0.9842657342657343	0.4973498233215548
0.11797550342032788	0.3329390892962744	0.9842657342657343	0.49756959787892185
0.11800406386695074	0.3333333333333333	0.9842657342657343	0.49800973020787254
0.11801834633604497	0.3335308056872038	0.9842657342657343	0.49823008849557515
0.1180326303024623	0.33372851215174865	0.9842657342657343	0.49845064187693666
0.11804691576630374	0.333926453143535	0.9842657342657343	0.4986713906111603
0.11811836555040635	0.3341246290801187	0.9842657342657343	0.4988923349579088
0.11818985278525386	0.3343230403800475	0.9842657342657343	0.499113475177305
0.11824706954614488	0.3345216874628639	0.9842657342657343	0.4993348115299335
0.11828999785530776	0.3347205707491082	0.9842657342657343	0.4995563442768412
0.11830431029004178	0.33491969066032123	0.9842657342657343	0.4997780736795384
0.11831862422411706	0.3351190476190476	0.9842657342657343	0.4999999999999999
0.11833293965763447	0.3355184743742551	0.9842657342657343	0.5004444444444445
0.11836157502339897	0.3357185450208706	0.9842657342657343	0.5006669630947088
0.11839021638814175	0.33611940298507464	0.9842657342657343	0.5011125945705386
0.11846184605082011	0.3363201911589008	0.9842657342657343	0.5013357079252003
0.11847617648430288	0.33672248803827753	0.9842657342657343	0.5017825311942958
0.1185048418530215	0.33712574850299404	0.9842657342657343	0.5022301516503123
0.11851917678845891	0.33752997601918466	0.9842657342657343	0.5026785714285714
0.11856219060029197	0.33773245350929815	0.9842657342657343	0.5029030817329164
0.11861956336604504	0.33813813813813814	0.9842657342657343	0.5033527045149754
0.11870566756342599	0.33834134615384615	0.9842657342657343	0.5035778175313059
0.11877746236977235	0.338748495788207	0.9842657342657343	0.5040286481647269
0.11880619081026136	0.3389524382901866	0.9842657342657343	0.5042543663233319
0.11883492526221502	0.3391566265060241	0.9842657342657343	0.5044802867383512
0.11886366572643794	0.33936106088004825	0.9842657342657343	0.5047064096817571
0.11887803821340176	0.3395657418576598	0.9842657342657343	0.5049327354260089
0.11889241220373456	0.33997584541062803	0.9842657342657343	0.5053859964093357
0.11890678769753693	0.3403869407496977	0.9842657342657343	0.5058400718778078
0.11893554319595234	0.34059286146400486	0.9842657342657343	0.5060674157303371
0.11897868772211019	0.3407990314769976	0.9842657342657343	0.5062949640287769
0.11902184578492177	0.3410054512416717	0.9842657342657343	0.5065227170490327
0.11903623481447326	0.34141904184354155	0.9842657342657343	0.5069788383610986
0.11910820253135837	0.341626213592233	0.9842657342657343	0.5072072072072072
0.1191370001522471	0.34183363691560414	0.9842657342657343	0.5074357818837314
0.11916580379384656	0.342041312272175	0.9842657342657343	0.5076645626690713
0.11923783924372565	0.34224924012158053	0.9842657342657343	0.507893549842129
0.11925225085094121	0.3424574209245742	0.9842657342657343	0.5081227436823105
0.11926666396413754	0.34266585514303105	0.9842657342657343	0.5083521444695259
0.11928107858341504	0.34308348567946373	0.9842657342657343	0.50881156800723
0.11929549470887402	0.3432926829268293	0.9842657342657343	0.5090415913200723
0.11930991234061476	0.34350213544844416	0.9842657342657343	0.5092718227046585
0.119338752123343	0.34392180818570556	0.9842657342657343	0.5097329108193753
0.11938202309705714	0.3445532435740514	0.9842657342657343	0.5104261106074344
0.11956968740048145	0.3447642375995101	0.9842657342657343	0.510657596371882
0.11959858144906825	0.3449754901960784	0.9842657342657343	0.5108892921960072
0.11962748153120395	0.34518700183936235	0.9842657342657343	0.5111211983658647
0.1196563876476899	0.345398773006135	0.9842657342657343	0.5113533151680292
0.11968529979932745	0.3456108041743401	0.9842657342657343	0.5115856428895956
0.11974314221126148	0.34582309582309584	0.9842657342657343	0.5118181818181818
0.11977207247315991	0.34603564843269824	0.9842657342657343	0.5120509322419282
0.11980100877341371	0.3462484624846248	0.9842657342657343	0.5122838944494995
0.11984442454746207	0.3464615384615385	0.9842657342657343	0.5125170687300865
0.11987337594710688	0.34667487684729065	0.9842657342657343	0.5127504553734062
0.11988785391231317	0.34688847812692547	0.9842657342657343	0.512984054669704
0.119931296870668	0.3473164713140037	0.9842657342657343	0.513451892384861
0.12001822357869031	0.3481756338899196	0.9842657342657343	0.5143901324805847
0.12003271665228994	0.34860681114551084	0.9842657342657343	0.5148605395518976
0.12004721123727882	0.3490390576565406	0.9842657342657343	0.5153318077803203
0.12006170733375683	0.34925558312655086	0.9842657342657343	0.5155677655677656
0.12007620494182404	0.34968944099378885	0.9842657342657343	0.5160403299725024
0.12010520469312538	0.34990677439403356	0.9842657342657343	0.5162769371847776
0.12017773053118276	0.35034225264467955	0.9842657342657343	0.5167508031206975
0.1202067514524251	0.35077881619937695	0.9842657342657343	0.5172255397335783
0.12025029417894904	0.35099750623441395	0.9842657342657343	0.5174632352941176
0.12026481144676589	0.35143570536828966	0.9842657342657343	0.5179392824287029
0.1202793302275702	0.35165521549031853	0.9842657342657343	0.5181776346065348
0.12029385052146185	0.3520950594121326	0.9842657342657343	0.5186549976969138
0.12030837232854066	0.3523153942428035	0.9842657342657343	0.5188940092165899
0.1203374204826589	0.3525360050093926	0.9842657342657343	0.5191332411249424
0.12035194682989794	0.35275689223057644	0.9842657342657343	0.5193726937269373
0.1203810040652348	0.35319949811794227	0.9842657342657343	0.5198522622345336
0.12039553495353221	0.353643216080402	0.9842657342657343	0.5203327171903882
0.12043913670213738	0.35431088735053495	0.9842657342657343	0.5210550670985654
0.12045367364657593	0.35475740390674226	0.9842657342657343	0.5215377489578508
0.12048275207840663	0.35498108448928123	0.9842657342657343	0.5217794253938832
0.12051183656817369	0.35520504731861197	0.9842657342657343	0.5220213259156234
0.12055547466319974	0.35542929292929293	0.9842657342657343	0.5222634508348795
0.12059912639306884	0.3556538218572331	0.9842657342657343	0.5225058004640372
0.12061368000012213	0.3558786346396966	0.9842657342657343	0.5227483751160632
0.12064279176047193	0.35632911392405064	0.9842657342657343	0.5232342007434945
0.12065734991396772	0.3565547815072831	0.9842657342657343	0.5234774523477452
0.12067190958314362	0.3567807351077313	0.9842657342657343	0.5237209302325581
0.12070103346893421	0.35700697526949904	0.9842657342657343	0.5239646347138204
0.12071559768574813	0.35723350253807107	0.9842657342657343	0.5242085661080075
0.12073016341864055	0.3576874205844981	0.9842657342657343	0.5246971109040075
0.12074473066771109	0.357914812460267	0.9842657342657343	0.524941724941725
0.12075929943305937	0.35859872611464966	0.9842657342657343	0.5256769374416432
0.12078844151298722	0.35882727852135116	0.9842657342657343	0.525922466137319
0.12081758965922057	0.3590561224489796	0.9842657342657343	0.5261682242990655
0.12083216600745073	0.3597444089456869	0.9842657342657343	0.5269068788020589
0.12090507050371684	0.3599744245524297	0.9842657342657343	0.5271535580524344
0.12097801293429612	0.3602047344849648	0.9842657342657343	0.527400468384075
0.1209926059736238	0.36043533930857874	0.9842657342657343	0.5276476101218369
0.12100720053092083	0.3608974358974359	0.9842657342657343	0.5281425891181989
0.12102179660628662	0.3613607188703466	0.9842657342657343	0.5286384976525822
0.12105099331162227	0.3615928066795119	0.9842657342657343	0.5288868013151714
0.1210655939417909	0.36205787781350485	0.9842657342657343	0.5293841090738128
0.121080196090426	0.36252414681262074	0.9842657342657343	0.5298823529411765
0.1211094049434931	0.3627577319587629	0.9842657342657343	0.5301318267419962
0.12112401164812386	0.36299161831076726	0.9842657342657343	0.5303815355628827
0.12116784087559755	0.3632258064516129	0.9842657342657343	0.530631479736098
0.12118245365628044	0.3636950904392765	0.9842657342657343	0.5311320754716982
0.12119706795622469	0.3641655886157827	0.9842657342657343	0.5316336166194523
0.12122630111429482	0.3644012944983819	0.9842657342657343	0.5318847425602267
0.1212555403506024	0.3648736228127025	0.9842657342657343	0.532387706855792
0.12127016224834353	0.3651102464332036	0.9842657342657343	0.5326395458845791
0.12128478566594199	0.36582196231319036	0.9842657342657343	0.5333964945523448
0.12129941060349697	0.3660598179453836	0.9842657342657343	0.533649289099526
0.12131403706110781	0.36629798308392975	0.9842657342657343	0.5339023233760075
0.12132866503887378	0.3665364583333333	0.9842657342657343	0.5341555977229601
0.12134329453689413	0.3670143415906128	0.9842657342657343	0.5346628679962013
0.12137255809409503	0.3674934725848564	0.9842657342657343	0.535171102661597
0.12138719215347402	0.36797385620915035	0.9842657342657343	0.5356803044719315
0.12143110345591608	0.3689384010484928	0.9842657342657343	0.5367016205910391
0.12144574359849579	0.3694225721784777	0.9842657342657343	0.5372137404580152
0.12148967315292092	0.36990801576872534	0.9842657342657343	0.5377268385864373
0.12150431938028852	0.3701512163050625	0.9842657342657343	0.5379837553750597
0.12153361639945769	0.3703947368421053	0.9842657342657343	0.5382409177820268
0.12156291950519968	0.3708827404479578	0.9842657342657343	0.538755980861244
0.12157757334078334	0.3713720316622691	0.9842657342657343	0.539272030651341
0.12160688557787165	0.3718626155878468	0.9842657342657343	0.5397890699904123
0.12162154397957456	0.3721083939193655	0.9842657342657343	0.5400479616306955
0.12163620390351536	0.3723544973544973	0.9842657342657343	0.5403071017274472
0.12168019280975648	0.37284768211920527	0.9842657342657343	0.5408261287223823
0.12172419541970596	0.373342175066313	0.9842657342657343	0.5413461538461538
0.1217388660020866	0.3735899137358991	0.9842657342657343	0.5416065416065415
0.12175353810749774	0.3740863787375415	0.9842657342657343	0.5421280693307655
0.12176821173603834	0.37433510638297873	0.9842657342657343	0.5423892100192679
0.1217828868878075	0.3745841650033267	0.9842657342657343	0.5426506024096386
0.12182692148347614	0.3758344459279039	0.9842657342657343	0.5439613526570048
0.12184160272914941	0.3760855043420174	0.9842657342657343	0.5442242629289512
0.12185628549854621	0.3768406961178046	0.9842657342657343	0.5450145208131655
0.12188565560890617	0.3773458445040214	0.9842657342657343	0.5455426356589148
0.12190034295006723	0.37759892689470154	0.9842657342657343	0.5458070770722249
0.12191503181534767	0.3781061114842176	0.9842657342657343	0.5463367297428433
0.12192972220484638	0.37836021505376344	0.9842657342657343	0.5466019417475728
0.12194441411866232	0.37886944818304175	0.9842657342657343	0.5471331389698737
0.12195910755689435	0.37912457912457914	0.9842657342657343	0.5473991249392319
0.12197380251964146	0.3793800539083558	0.9842657342657343	0.5476653696498054
0.12198849900700255	0.3798920377867746	0.9842657342657343	0.5481986368062317
0.12200319701907648	0.3801485482781904	0.9842657342657343	0.5484656600097418
0.12201789655596214	0.38066260987153483	0.9842657342657343	0.5490004875670406
0.12203259761775845	0.3811780636425186	0.9842657342657343	0.5495363591996095
0.1220620043164784	0.3814363143631436	0.9842657342657343	0.5498046874999999
0.12207670995359979	0.38169491525423727	0.9842657342657343	0.5500732779677576
0.12209141711602728	0.38247282608695654	0.9842657342657343	0.5508806262230921
0.12210612580385963	0.38273283480625425	0.9842657342657343	0.5511502692119432
0.12213554775613447	0.38299319727891157	0.9842657342657343	0.5514201762977473
0.12215026102077456	0.38325391422736554	0.9842657342657343	0.5516903478686918
0.12219440996989119	0.38351498637602177	0.9842657342657343	0.5519607843137254
0.12220912933832484	0.3837764144512611	0.9842657342657343	0.5522314860225601
0.12222385023295382	0.38456284153005466	0.9842657342657343	0.5530451866404715
0.1222385726538769	0.38414217361585784	0.9825174825174825	0.5523341523341523
0.1222532966011929	0.38466803559206025	0.9825174825174825	0.5528775209050664
0.12228274907539843	0.38493150684931504	0.9825174825174825	0.5531496062992126
0.12229747760248548	0.38545953360768176	0.9825174825174825	0.5536945812807882
0.12231220765636039	0.385989010989011	0.9825174825174825	0.554240631163708
0.12232693923712182	0.38678596008258775	0.9825174825174825	0.5550617283950617
0.12234167234486851	0.38705234159779617	0.9825174825174825	0.5553359683794467
0.1223564069796991	0.3875862068965517	0.9825174825174825	0.5558852621167161
0.12237114314171232	0.3878536922015183	0.9825174825174825	0.5561603166749134
0.12238588083100695	0.3889273356401384	0.9825174825174825	0.5572632622706991
0.12240062004768155	0.389196675900277	0.9825174825174825	0.5575396825396826
0.12243010306356539	0.3897364771151179	0.9825174825174825	0.5580933465739821
0.12244484686297197	0.39000693962526023	0.9825174825174825	0.5583705911574763
0.1224743390452076	0.39109255393180237	0.9825174825174825	0.5594823295171727
0.12248908742823393	0.39136490250696376	0.9825174825174825	0.5597609561752988
0.12250383733933075	0.39218422889043963	0.9825174825174825	0.5605985037406483
0.1225185887785967	0.393006993006993	0.9825174825174825	0.5614385614385614
0.12253334174613037	0.39355742296918766	0.9825174825174825	0.562
0.12254809624203032	0.394109396914446	0.9825174825174825	0.5625625625625627
0.12256285226639513	0.39549612948627727	0.9825174825174825	0.5639739086803813
0.12257760981932345	0.39661256175017645	0.9825174825174825	0.5651080945198593
0.1225923689009138	0.3970276008492569	0.9807692307692307	0.5652392947103275
0.1226071295112647	0.39759036144578314	0.9807692307692307	0.5658093797276853
0.12262189165047474	0.3984375	0.9807692307692307	0.5666666666666667
0.12263665531864246	0.3990042674253201	0.9807692307692307	0.5672396359959555
0.12265142051586642	0.3998574483250178	0.9807692307692307	0.5681012658227848
0.12266618724224512	0.4004282655246253	0.9807692307692307	0.5686771414090218
0.12268095549787705	0.4015748031496063	0.9807692307692307	0.5698324022346368
0.12269572528286075	0.40186246418338106	0.9807692307692307	0.5701219512195121
0.12271049659729474	0.4024390243902439	0.9807692307692307	0.5707019328585962
0.12272526944127753	0.40301724137931033	0.9807692307692307	0.5712830957230142
0.12274004381490748	0.40447007930785867	0.9807692307692307	0.5727411944869831
0.12275481971828317	0.4050541516245487	0.9807692307692307	0.5733265201839549
0.1227695971515031	0.40593342981186686	0.9807692307692307	0.5742067553735927
0.12278437611466561	0.4062273714699493	0.9807692307692307	0.5745007680491552
0.12279915660786923	0.407703488372093	0.9807692307692307	0.5759753593429158
0.12281393863121236	0.40889212827988336	0.9807692307692307	0.5771604938271605
0.12282872218479346	0.4100877192982456	0.9807692307692307	0.5783505154639175
0.12284350726871099	0.410688140556369	0.9807692307692307	0.5789473684210527
0.12285829388306332	0.4115920763022744	0.9807692307692307	0.5798449612403102
0.12287308202794885	0.41310751104565535	0.9807692307692307	0.5813471502590674
0.12288787170346598	0.413716814159292	0.9807692307692307	0.5819502074688796
0.12290266290971315	0.4140221402214022	0.9807692307692307	0.5822522055007784
0.1229174556467887	0.4146341463414634	0.9807692307692307	0.5828571428571429
0.12293224991479099	0.41648106904231624	0.9807692307692307	0.5846795205836373
0.12294704571381843	0.41865671641791047	0.9807692307692307	0.5868200836820084
0.1229618430439693	0.4199101796407186	0.9807692307692307	0.5880503144654088
0.12297664190534206	0.42085521380345087	0.9807692307692307	0.5889763779527559
0.12299144229803499	0.42243975903614456	0.9807692307692307	0.5905263157894737
0.12302104767777464	0.42371601208459214	0.9807692307692307	0.5917721518987342
0.12302993048632058	0.425	0.9807692307692307	0.5930232558139534
0.12303289154503542	0.42532221379833207	0.9807692307692307	0.5933368588048652
0.12303437209736821	0.42564491654021247	0.9807692307692307	0.5936507936507937
0.12303585266501804	0.42596810933940776	0.9807692307692307	0.5939650608787718
0.12304029445987072	0.42629179331306993	0.9807692307692307	0.5942796610169492
0.12304325573302613	0.4266159695817491	0.9807692307692307	0.5945945945945945
0.12304473639258025	0.42726580350342724	0.9807692307692307	0.5952254641909814
0.12304621706745207	0.42759146341463417	0.9807692307692307	0.5955414012738853
0.12305065918397488	0.4279176201372998	0.9807692307692307	0.5958576739245884
0.1230536206715805	0.42824427480916033	0.9807692307692307	0.5961742826780022
0.12305658222045936	0.4288990825688073	0.9807692307692307	0.5968085106382978
0.12305806301787657	0.4292272379495027	0.9807692307692307	0.5971261309207024
0.12306250550204008	0.42955589586523735	0.9807692307692307	0.597444089456869
0.12306398636073226	0.4298850574712644	0.9807692307692307	0.5977623867874268
0.12306546723474347	0.4302147239263804	0.9807692307692307	0.5980810234541578
0.1230713908839802	0.43054489639293936	0.9807692307692307	0.5983999999999999
0.12307435280051512	0.4308755760368664	0.9807692307692307	0.5987193169690501
0.12307731477832878	0.431206764027671	0.9807692307692307	0.599038974906567
0.12308027681742206	0.43153846153846154	0.9807692307692307	0.5993589743589743
0.1230847199909628	0.43187066974595845	0.9807692307692307	0.5996793158738644
0.12308768218325834	0.4322033898305085	0.9807692307692307	0.6
0.1230906444368362	0.4325366229760987	0.9807692307692307	0.6003210272873194
0.12309508793210897	0.4332046332046332	0.9807692307692307	0.6009641135511515
0.12309805033889602	0.43387470997679817	0.9807692307692307	0.6016085790884719
0.12310397533632603	0.4342105263157895	0.9807692307692307	0.601931330472103
0.12310545662398738	0.43488372093023253	0.9807692307692307	0.6025778732545649
0.12310990057890249	0.4358974358974359	0.9807692307692307	0.6035502958579881
0.12311138192785148	0.43623639191290825	0.9807692307692307	0.6038751345532831
0.12311286329212266	0.4365758754863813	0.9807692307692307	0.6042003231017771
0.12311582606663174	0.4369158878504673	0.9807692307692307	0.6045258620689655
0.12311730747686994	0.4372564302416212	0.9807692307692307	0.6048517520215634
0.12312175179952009	0.437597503900156	0.9807692307692307	0.6051779935275081
0.12313804882911575	0.4379391100702576	0.9807692307692307	0.6055045871559632
0.12314249379534764	0.43828125	0.9807692307692307	0.6058315334773218
0.123152865919574	0.43862392494136043	0.9807692307692307	0.6061588330632091
0.12315434771290514	0.43896713615023475	0.9807692307692307	0.6064864864864865
0.12316916648910757	0.43931088488645265	0.9807692307692307	0.6068144943212548
0.12317064845101904	0.44	0.9807692307692307	0.607471575527883
0.1231750944287104	0.4403453689167975	0.9807692307692307	0.6078006500541712
0.12317657645192681	0.44069128043990574	0.9807692307692307	0.608130081300813
0.1231839867979078	0.4410377358490566	0.9807692307692307	0.6084598698481561
0.12319139752706276	0.44173228346456694	0.9807692307692307	0.6091205211726384
0.12320325549074332	0.44208037825059104	0.9807692307692307	0.6094513851167844
0.1232062201349439	0.44242902208201895	0.9807692307692307	0.6097826086956522
0.12320918484045816	0.44277821625887925	0.9807692307692307	0.6101141924959217
0.12321511443543108	0.4431279620853081	0.9807692307692307	0.6104461371055495
0.12321807932489127	0.4434782608695652	0.9807692307692307	0.6107784431137724
0.12322400928776307	0.4438291139240506	0.9807692307692307	0.6111111111111112
0.12322697436117624	0.44418052256532065	0.9807692307692307	0.6114441416893732
0.12323142208626985	0.44488501189532115	0.9807692307692307	0.6121112929623568
0.12323735260101654	0.4452380952380952	0.9807692307692307	0.6124454148471615
0.12324180064804638	0.4455917394757744	0.9807692307692307	0.612779901693064
0.12324328336105114	0.44594594594594594	0.9807692307692307	0.6131147540983607
0.12324921436637996	0.44630071599045346	0.9807692307692307	0.6134499726626572
0.12325366278135469	0.446656050955414	0.9807692307692307	0.6137855579868708
0.12325514561700929	0.4470119521912351	0.9807692307692307	0.6141215106732348
0.12325662846799557	0.44772545889864324	0.9807692307692307	0.6147945205479451
0.12326107711294539	0.44844124700239807	0.9807692307692307	0.6154690071311025
0.12326552589588383	0.4488	0.9807692307692307	0.6158068057080132
0.1232699748168135	0.44915932746196957	0.9807692307692307	0.6161449752883031
0.12327145782112192	0.4495192307692308	0.9807692307692307	0.6164835164835165
0.1232744238757371	0.4498797113071371	0.9807692307692307	0.616822429906542
0.12328480554988328	0.45024077046548955	0.9807692307692307	0.6171617161716172
0.12328628870752362	0.4506024096385542	0.9807692307692307	0.6175013758943313
0.12328777188049772	0.4509646302250804	0.9807692307692307	0.6178414096916299
0.1232907382724475	0.45132743362831856	0.9807692307692307	0.6181818181818182
0.12329667124035623	0.45169082125603865	0.9807692307692307	0.6185226019845645
0.12329963781631674	0.4520547945205479	0.9807692307692307	0.6188637617209046
0.12330853791223224	0.45241935483870965	0.9807692307692307	0.6192052980132451
0.12331002131522413	0.45278450363196127	0.9807692307692307	0.6195472114853672
0.12331892205522042	0.4531502423263328	0.9807692307692307	0.6198895027624308
0.12332188909123862	0.4538834951456311	0.9807692307692307	0.620575221238938
0.12332633976028685	0.454251012145749	0.9807692307692307	0.6209186496956282
0.12332782334730892	0.4546191247974068	0.9807692307692307	0.6212624584717608
0.12332930694966746	0.45498783454987834	0.9807692307692307	0.621606648199446
0.12333227420039435	0.45535714285714285	0.9807692307692307	0.6219512195121951
0.1233456275878473	0.45572705117790413	0.9807692307692307	0.622296173044925
0.12334859517599302	0.4560975609756098	0.9807692307692307	0.6226415094339622
0.1233530466732458	0.4564686737184703	0.9807692307692307	0.622987229317046
0.12335749830854194	0.4568403908794788	0.9807692307692307	0.6233333333333333
0.12336046614209811	0.4572127139364303	0.9807692307692307	0.6236798221234019
0.1233619500818841	0.4579591836734694	0.9807692307692307	0.6243739565943238
0.12337233808987626	0.4583333333333333	0.9807692307692307	0.6247216035634743
0.12337679032339093	0.45870809484873265	0.9807692307692307	0.6250696378830084
0.12337975855576581	0.4590834697217676	0.9807692307692307	0.625418060200669
0.12338124269496308	0.4594594594594595	0.9807692307692307	0.6257668711656441
0.12338272684950036	0.4598360655737705	0.9807692307692307	0.6261160714285715
0.12338569520459537	0.4609695973705834	0.9807692307692307	0.6271660145332588
0.12339311636079003	0.4613486842105263	0.9807692307692307	0.62751677852349
0.12340053790050472	0.4617283950617284	0.9807692307692307	0.6278679350867375
0.12340350662377893	0.46210873146622733	0.9807692307692307	0.6282194848824187
0.1234109287004422	0.4624896949711459	0.9807692307692307	0.6285714285714287
0.12341241316180042	0.4632535094962841	0.9807692307692307	0.6292765002804263
0.12341686663792785	0.4640198511166253	0.9807692307692307	0.6299831555306008
0.12341835116065494	0.4644039735099338	0.9807692307692307	0.6303370786516854
0.1234198356987245	0.4647887323943662	0.9807692307692307	0.6306913996627319
0.1234213202521366	0.4651741293532338	0.9807692307692307	0.6310461192350956
0.12343022789480873	0.46556016597510375	0.9807692307692307	0.6314012380416432
0.12343616663012054	0.4659468438538206	0.9807692307692307	0.6317567567567567
0.12343913608983795	0.4667221297836938	0.9807692307692307	0.6324689966178129
0.12344062084271235	0.46711074104912575	0.9807692307692307	0.6328257191201354
0.12344359039449308	0.4675	0.9807692307692307	0.6331828442437923
0.12345101454246896	0.46788990825688076	0.9807692307692307	0.6335403726708075
0.12345249941809759	0.4682804674457429	0.9807692307692307	0.6338983050847458
0.12345398430907098	0.4690635451505017	0.9807692307692307	0.6346153846153846
0.1234584390740605	0.4694560669456067	0.9807692307692307	0.634974533106961
0.12346734901836022	0.4702430846605197	0.9807692307692307	0.6356940509915014
0.12346883406278623	0.47063758389261745	0.9807692307692307	0.6360544217687075
0.12347031912255806	0.47103274559193953	0.9807692307692307	0.6364152013613159
0.1234718041976758	0.4714285714285714	0.9807692307692307	0.6367763904653803
0.12347328928813947	0.4722222222222222	0.9807692307692307	0.6375
0.12347922980345631	0.472620050547599	0.9807692307692307	0.6378624218305855
0.12348220015319328	0.4730185497470489	0.9807692307692307	0.6382252559726963
0.12348368535108169	0.47341772151898737	0.9807692307692307	0.6385885031303358
0.1234896262961043	0.474218089602705	0.9807692307692307	0.6393162393162394
0.12349408216601623	0.4746192893401015	0.9807692307692307	0.6396807297605472
0.12349853817405539	0.47502116850127013	0.9807692307692307	0.6400456360524814
0.12350299432022442	0.4754237288135593	0.9807692307692307	0.6404109589041096
0.12350893606332304	0.4758269720101781	0.9807692307692307	0.6407766990291262
0.12351487805199689	0.4762308998302207	0.9807692307692307	0.6411428571428571
0.12351636358753719	0.4766355140186916	0.9807692307692307	0.6415094339622641
0.12351933470466474	0.4770408163265306	0.9807692307692307	0.6418764302059496
0.12353270549153221	0.4774468085106383	0.9807692307692307	0.6422438465941613
0.12353567694635044	0.4778534923339012	0.9807692307692307	0.6426116838487973
0.12353716269678482	0.4782608695652174	0.9807692307692307	0.6429799426934097
0.12353864846256954	0.4786689419795222	0.9807692307692307	0.643348623853211
0.12354162004019023	0.47907771135781385	0.9807692307692307	0.6437177280550774
0.1235445916792134	0.4794871794871795	0.9807692307692307	0.6440872560275546
0.12354607752175112	0.4798973481608212	0.9807692307692307	0.6444572085008616
0.12354756337963974	0.4803082191780822	0.9807692307692307	0.6448275862068965
0.12354904925287936	0.480719794344473	0.9807692307692307	0.6451983898792409
0.12355053514147007	0.4811320754716981	0.9807692307692307	0.6455696202531646
0.12355202104541199	0.4815450643776824	0.9807692307692307	0.6459412780656303
0.12355499289934978	0.48195876288659795	0.9807692307692307	0.6463133640552996
0.12355796481469351	0.4827882960413081	0.9807692307692307	0.6470588235294118
0.12357282531252899	0.4836206896551724	0.9807692307692307	0.6478060046189377
0.12357579759632485	0.4844559585492228	0.9807692307692307	0.6485549132947976
0.1235772837612521	0.4852941176470588	0.9807692307692307	0.6493055555555556
0.12358174234815182	0.4857142857142857	0.9807692307692307	0.6496815286624203
0.123593632588768	0.4865568083261058	0.9807692307692307	0.6504347826086956
0.1235951189379372	0.4869791666666667	0.9807692307692307	0.6508120649651973
0.12359660530246047	0.48740225890529976	0.9807692307692307	0.6511897852582704
0.12360106448815612	0.48825065274151436	0.9807692307692307	0.6519465427077281
0.12360255091409693	0.4886759581881533	0.9807692307692307	0.6523255813953488
0.12361146979219227	0.4891020052310375	0.9807692307692307	0.6527050610820244
0.12361444287439799	0.48995633187772925	0.9807692307692307	0.6534653465346535
0.12361741601802541	0.49038461538461536	0.9807692307692307	0.6538461538461539
0.12362038922307522	0.49081364829396323	0.9807692307692307	0.6542274052478134
0.1236263358174452	0.4912434325744308	0.9807692307692307	0.6546091015169194
0.12363525616968782	0.49167397020157755	0.9807692307692307	0.6549912434325744
0.12363822974328852	0.4925373134328358	0.9807692307692307	0.6557568673290474
0.12363971655312432	0.49340369393139843	0.9807692307692307	0.6565242832065535
0.12364417707477449	0.49427312775330395	0.9807692307692307	0.657293497363796
0.12365755946903327	0.4947089947089947	0.9807692307692307	0.6576787807737398
0.12366053350336235	0.49514563106796117	0.9807692307692307	0.6580645161290323
0.12366202054356454	0.495583038869258	0.9807692307692307	0.658450704225352
0.12367391741809741	0.4960212201591512	0.9807692307692307	0.6588373458602466
0.1236783789994734	0.4964601769911504	0.9807692307692307	0.6592244418331374
0.12368581527562711	0.49689991142604073	0.9807692307692307	0.6596119929453262
0.12369473931389618	0.4973404255319149	0.9807692307692307	0.66
0.12369771411620373	0.49778172138420584	0.9807692307692307	0.6603884638022366
0.1236992015403988	0.49822380106571934	0.9807692307692307	0.6607773851590106
0.12370217643487201	0.49866666666666665	0.9807692307692307	0.6611667648791986
0.12370366390515032	0.4991103202846975	0.9807692307692307	0.6615566037735849
0.12370663889179097	0.4995547640249332	0.9807692307692307	0.6619469026548672
0.12371110148696321	0.5	0.9807692307692307	0.6623376623376622
0.12371705182892478	0.5004460303300624	0.9807692307692307	0.6627288836385116
0.1237185394528204	0.5013404825737265	0.9807692307692307	0.6635127143701952
0.12372300241668106	0.501788908765653	0.9807692307692307	0.663905325443787
0.12372449010202625	0.5022381378692927	0.9807692307692307	0.6642984014209591
0.12372597780273413	0.5026881720430108	0.9807692307692307	0.6646919431279621
0.12373192875919409	0.5031390134529148	0.9807692307692307	0.6650859513930053
0.12373639213785172	0.5035906642728905	0.9807692307692307	0.6654804270462632
0.12374383140955114	0.5040431266846361	0.9807692307692307	0.6658753709198814
0.12374531930998241	0.5044964028776978	0.9807692307692307	0.666270783847981
0.12374680722577772	0.504950495049505	0.9807692307692307	0.6666666666666666
0.12375127106534875	0.5054054054054054	0.9807692307692307	0.6670630202140309
0.12375871110525674	0.5058611361587015	0.9807692307692307	0.6674598453301606
0.12377508054518334	0.5063176895306859	0.9807692307692307	0.6678571428571428
0.12378401011425462	0.5067750677506775	0.9807692307692307	0.6682549136390709
0.12378549842954892	0.5072332730560579	0.9807692307692307	0.6686531585220501
0.12378698676020987	0.5086128739800544	0.9807692307692307	0.6698507462686567
0.12378847510623764	0.5090744101633394	0.9807692307692307	0.6702508960573477
0.1238048479267772	0.5095367847411444	0.9807692307692307	0.6706515242080096
0.12381080214073205	0.51	0.9807692307692307	0.6710526315789475
0.12382122260683752	0.5109289617486339	0.9807692307692307	0.6718562874251497
0.12421328037799026	0.5113947128532361	0.9807692307692307	0.6722588376273216
0.12528903990079154	0.5118613138686131	0.9807692307692307	0.672661870503597
0.1252980630736749	0.5123287671232877	0.9807692307692307	0.6730653869226153
0.12532212758995512	0.5127970749542962	0.9807692307692307	0.6734693877551021
0.1280210547120925	0.5132662397072278	0.9807692307692307	0.673873873873874
0.12894295779938073	0.5137362637362637	0.9807692307692307	0.674278846153846
0.1303986400716918	0.5142071494042163	0.9807692307692307	0.6746843054720384
0.13306672689478563	0.5146788990825688	0.9807692307692307	0.675090252707581
0.13592586449065078	0.5151515151515151	0.9807692307692307	0.6754966887417218
0.14002205935251757	0.515625	0.9807692307692307	0.6759036144578312
0.14191636123151102	0.516099356025759	0.9807692307692307	0.6763110307414105
0.14512101712176725	0.5165745856353591	0.9807692307692307	0.6767189384800966
0.1461454216683459	0.5170506912442396	0.9807692307692307	0.6771273385636692
0.1483855244195449	0.5175276752767528	0.9807692307692307	0.677536231884058
0.1709437815081142	0.518005540166205	0.9807692307692307	0.6779456193353475
0.17099789837369356	0.5194444444444445	0.9807692307692307	0.6791767554479419
0.17104536962707548	0.5199258572752549	0.9807692307692307	0.679588128407026
0.1710855468972561	0.5204081632653061	0.9807692307692307	0.68
0.17378306088491438	0.520891364902507	0.9807692307692307	0.6804123711340205
0.17608298570947187	0.5109004739336492	0.9423076923076923	0.6625691456668714
0.17841630574508255	0.5113851992409867	0.9423076923076923	0.6629766297662976
0.1784232907161941	0.5128449096098954	0.9423076923076923	0.6642020948860136
0.17846978312936504	0.5133333333333333	0.9423076923076923	0.6646115906288532
0.17849493503181812	0.5138226882745471	0.9423076923076923	0.6650215916101172
0.17968757461242263	0.5143129770992366	0.9423076923076923	0.665432098765432
0.17975019681093057	0.5148042024832856	0.9423076923076923	0.6658431130327362
0.17979044344116257	0.5152963671128107	0.9423076923076923	0.6662546353522867
0.17993887146837412	0.5157894736842106	0.9423076923076923	0.6666666666666667
0.17996985703032128	0.5162835249042146	0.9423076923076923	0.6670792079207921
0.18068079381983765	0.5167785234899329	0.9423076923076923	0.6674922600619195
0.1808540183302409	0.517274472168906	0.9423076923076923	0.667905824039653
0.18503105690805666	0.5182692307692308	0.9423076923076923	0.6687344913151365
0.18862224312670364	0.5187680461982676	0.9423076923076923	0.6691495965238982
0.188623507438791	0.5192678227360308	0.9423076923076923	0.6695652173913044
0.1889768293340965	0.5202702702702703	0.9423076923076923	0.6703980099502487
0.18904261532786032	0.5217812197483059	0.9423076923076923	0.6716510903426792
0.18904385239705432	0.5233009708737864	0.9423076923076923	0.6729088639200999
0.18958904856270356	0.5238095238095238	0.9423076923076923	0.6733291692692067
0.1915569746569277	0.52431906614786	0.9423076923076923	0.67375
0.1918439556793343	0.5258536585365854	0.9423076923076923	0.6750156543519098
0.1918988375274264	0.5263671875	0.9423076923076923	0.6754385964912281
0.1930969472344474	0.5268817204301075	0.9423076923076923	0.6758620689655173
0.1943381677386505	0.5284313725490196	0.9423076923076923	0.6771356783919598
0.19452697867053237	0.5289499509322866	0.9423076923076923	0.677561282212445
0.1968199723743198	0.5294695481335953	0.9423076923076923	0.6779874213836478
0.19895384743254318	0.5299901671583087	0.9423076923076923	0.6784140969162995
0.20002454067383613	0.530511811023622	0.9423076923076923	0.6788413098236775
0.2019444477982835	0.5310344827586206	0.9423076923076923	0.6792690611216131
0.20194901293924147	0.5315581854043393	0.9423076923076923	0.6796973518284994
0.2019495620845796	0.5320829220138203	0.9423076923076923	0.6801261829652997
0.20234585832166133	0.5316205533596838	0.9405594405594405	0.6792929292929293
0.20290275862495116	0.5321463897131553	0.9405594405594405	0.6797220467466836
0.20482232757989796	0.533201189296333	0.9405594405594405	0.6805819101834282
0.20483445712424425	0.5337301587301587	0.9405594405594405	0.6810126582278482
0.2049337389770026	0.5342601787487586	0.9405594405594405	0.681443951868271
0.2052754654075315	0.5353233830845772	0.9405594405594405	0.6823081800887761
0.20532067711886895	0.5358565737051793	0.9405594405594405	0.6827411167512691
0.20541636789165404	0.5363908275174477	0.9405594405594405	0.6831746031746031
0.20563187916191983	0.538	0.9405594405594405	0.6844783715012721
0.20589946981889415	0.5385385385385385	0.9405594405594405	0.6849140674729471
0.20607023111490055	0.5390781563126252	0.9405594405594405	0.6853503184713374
0.20669412664017653	0.5396188565697091	0.9405594405594405	0.6857871255576801
0.20678595964961236	0.5401606425702812	0.9405594405594405	0.6862244897959184
0.20698555884742884	0.5417925478348439	0.9405594405594405	0.6875399361022364
0.20705830119700996	0.5428859737638748	0.9405594405594405	0.6884197056941778
0.20729475015765023	0.5424242424242425	0.9388111888111889	0.6875800256081948
0.2077554592540575	0.5429726996966633	0.9388111888111889	0.6880204996796924
0.21086635890515318	0.5446247464503042	0.9388111888111889	0.6893453145057765
0.24922228386985157	0.5451776649746193	0.9388111888111889	0.6897880539499036
0.24928483833703738	0.5462868769074263	0.9388111888111889	0.6906752411575562
0.24928560482885367	0.5474006116207951	0.9388111888111889	0.6915647134578236
0.2492859046047697	0.5479591836734694	0.9388111888111889	0.6920103092783506
0.24928698596430757	0.5485188968335035	0.9388111888111889	0.6924564796905223
0.2494814367386952	0.549079754601227	0.9388111888111889	0.6929032258064517
0.24956340612225947	0.5496417604912999	0.9388111888111889	0.6933505487411232
0.24957429935025918	0.5502049180327869	0.9388111888111889	0.6937984496124031
0.2809140435952231	0.5507692307692308	0.9388111888111889	0.6942469295410472
0.2812755645093482	0.5513347022587269	0.9388111888111889	0.6946959896507116
0.28248333658744523	0.5524691358024691	0.9388111888111889	0.6955958549222798
0.28294658842382153	0.553038105046344	0.9388111888111889	0.6960466623460791
0.28299199447603085	0.5536082474226804	0.9388111888111889	0.6964980544747083
0.28310426573794295	0.5541795665634675	0.9388111888111889	0.6969500324464633
0.28311962772977667	0.5547520661157025	0.9388111888111889	0.6974025974025975
0.2831203407792945	0.558792924037461	0.9388111888111889	0.700587084148728
0.283120441217164	0.559375	0.9388111888111889	0.7010443864229764
0.28312115648278446	0.5599582898852972	0.9388111888111889	0.7015022860875244
0.28312389679606553	0.5611285266457681	0.9388111888111889	0.7024198822759974
0.2831333866866525	0.562303664921466	0.9388111888111889	0.7033398821218074
0.28315974959592877	0.5628930817610063	0.9388111888111889	0.7038007863695938
0.2831637671445625	0.5634837355718783	0.9388111888111889	0.7042622950819672
0.283176486717401	0.5640756302521008	0.9388111888111889	0.7047244094488189
0.2831777238551525	0.5646687697160884	0.9388111888111889	0.7051871306631649
0.2832287932463901	0.565858798735511	0.9388111888111889	0.7061143984220908
0.2832318338846219	0.5664556962025317	0.9388111888111889	0.706578947368421
0.28325850255493884	0.5670538542766631	0.9388111888111889	0.7070441079657669
0.2832625877322558	0.5682539682539682	0.9388111888111889	0.7079762689518786
0.2832642737135023	0.5688559322033898	0.9388111888111889	0.70844327176781
0.28328425214685504	0.5694591728525981	0.9388111888111889	0.708910891089109
0.28330777464577783	0.5700636942675159	0.9388111888111889	0.7093791281373844
0.28335889458956126	0.5706695005313497	0.9388111888111889	0.7098479841374753
0.2833654089586916	0.5712765957446808	0.9388111888111889	0.7103174603174603
0.2833682690388244	0.5708200212992546	0.9370629370629371	0.7094639311714096
0.28337687881639845	0.5714285714285714	0.9370629370629371	0.7099337748344371
0.28338748024348026	0.5720384204909285	0.9370629370629371	0.7104042412193505
0.2834110523882714	0.5726495726495726	0.9370629370629371	0.7108753315649867
0.2834475546612583	0.5738758029978587	0.9370629370629371	0.7118193891102258
0.2834541653268707	0.5744908896034298	0.9370629370629371	0.7122923588039867
0.2834576035309056	0.575107296137339	0.9370629370629371	0.7127659574468085
0.2834646180107849	0.5757250268528464	0.9370629370629371	0.7132401862940786
0.28346812653627357	0.5763440860215053	0.9370629370629371	0.7137150466045272
0.28347198437776583	0.5769644779332616	0.9370629370629371	0.7141905396402397
0.2834736771208253	0.5775862068965517	0.9370629370629371	0.7146666666666667
0.2834758091453111	0.5782092772384034	0.9370629370629371	0.7151434289526349
0.2834759602586988	0.5788336933045356	0.9370629370629371	0.7156208277703605
0.28348005412740795	0.5800865800865801	0.9370629370629371	0.7165775401069518
0.2834822480042089	0.580715059588299	0.9370629370629371	0.717056856187291
0.2834823985527612	0.5813449023861171	0.9370629370629371	0.7175368139223561
0.2834834650159043	0.5826086956521739	0.9370629370629371	0.7184986595174262
0.28348403108453624	0.5832426550598476	0.9370629370629371	0.7189805499664654
0.28348893862020563	0.5838779956427015	0.9370629370629371	0.7194630872483222
0.28361367458285014	0.5851528384279476	0.9370629370629371	0.7204301075268817
0.3034349179030872	0.585792349726776	0.9370629370629371	0.7209145931405515
0.30576015900160153	0.5864332603938731	0.9370629370629371	0.721399730820996
0.3060515144282734	0.5859802847754655	0.9353146853146853	0.7205387205387206
0.30897357535480935	0.5872667398463227	0.9353146853146853	0.7215104517869184
0.31818840058864645	0.5868131868131868	0.9335664335664335	0.7206477732793523
0.3200667945459406	0.5881057268722467	0.9335664335664335	0.7216216216216217
0.3230303647434906	0.5887541345093715	0.9335664335664335	0.7221095334685597
0.32821305772686693	0.5883002207505519	0.9318181818181818	0.7212449255751016
0.33148893206488544	0.5889502762430939	0.9318181818181818	0.7217332430602572
0.33170182582016294	0.5902547065337763	0.9318181818181818	0.7227118644067797
0.3319756475101175	0.5915649278579356	0.9318181818181818	0.7236931432450779
0.3320973825316605	0.592880978865406	0.9318181818181818	0.7246770904146839
0.3321278197937471	0.5942028985507246	0.9318181818181818	0.7256637168141593
0.33270639399417046	0.5948660714285714	0.9318181818181818	0.7261580381471389
0.3331330349964989	0.5961968680089486	0.9318181818181818	0.7271487039563438
0.3333159649320184	0.5968645016797313	0.9318181818181818	0.7276450511945393
0.3337124853370454	0.5982042648709316	0.9318181818181818	0.7286397812713602
0.3338345389759908	0.5988764044943821	0.9318181818181818	0.7291381668946648
0.33459787819047715	0.5995500562429696	0.9318181818181818	0.729637234770705
0.33475065013948735	0.6002252252252253	0.9318181818181818	0.7301369863013699
0.33481176862124695	0.6015801354401806	0.9318181818181818	0.7311385459533608
0.3348423299403863	0.6036240090600227	0.9318181818181818	0.7326460481099656
0.33502572693866317	0.6043083900226758	0.9318181818181818	0.733149931224209
0.3351174441255822	0.604994324631101	0.9318181818181818	0.7336545079146594
0.33520917376404336	0.6063708759954494	0.9318181818181818	0.7346657477601654
0.33527033377128757	0.6077537058152793	0.9318181818181818	0.73567977915804
0.3353926703746356	0.6091428571428571	0.9318181818181818	0.736696613683483
0.3354844373362797	0.6105383734249714	0.9318181818181818	0.7377162629757786
0.3355762167284919	0.6119402985074627	0.9318181818181818	0.7387387387387387
0.3356068126206701	0.6140552995391705	0.9318181818181818	0.7402777777777777
0.3358516294359965	0.6154734411085451	0.9318181818181818	0.7413073713490959
0.33609653449691146	0.6161849710982659	0.9318181818181818	0.7418232428670842
0.3361271538293192	0.6168981481481481	0.9318181818181818	0.7423398328690807
0.33618839662518174	0.6183294663573086	0.9318181818181818	0.7433751743375174
0.3362925220153254	0.6190476190476191	0.9318181818181818	0.743893928820656
0.33631089873562353	0.6197674418604651	0.9318181818181818	0.7444134078212291
0.3364548668448938	0.6204889406286379	0.9318181818181818	0.7449336128581411
0.3365253303938115	0.6219369894982497	0.9318181818181818	0.7459762071378586
0.3366693437327674	0.6226635514018691	0.9318181818181818	0.7464985994397759
0.336862430481402	0.6241217798594848	0.9318181818181818	0.7475455820476858
0.3887587828577209	0.6248534583821805	0.9318181818181818	0.7480701754385966
0.3897495719185186	0.6263219741480611	0.9318181818181818	0.7491215741391427
0.3935599864455211	0.6277974087161367	0.9318181818181818	0.7501759324419424
0.4316863135889056	0.6292798110979929	0.9318181818181818	0.7512332628611698
0.5979268443533126	0.6392638036809816	0.9108391608391608	0.7512617159336699
0.5979291234302367	0.6416256157635468	0.9108391608391608	0.7528901734104047
0.6021310625117846	0.6424167694204685	0.9108391608391608	0.7534345625451916
0.6025662969783517	0.6440049443757726	0.9108391608391608	0.7545257060101376
0.602598022001143	0.6464019851116626	0.9108391608391608	0.7561683599419449
0.6095787960902467	0.6472049689440994	0.9108391608391608	0.756717501815541
0.6095828380539875	0.6480099502487562	0.9108391608391608	0.7572674418604651
0.6096887960570113	0.6496259351620948	0.9108391608391608	0.7583697234352256
0.6100543219500011	0.6520650813516896	0.9108391608391608	0.7600291757840991
0.6103004831588504	0.6545226130653267	0.9108391608391608	0.7616959064327486
0.6115111425548996	0.6569987389659521	0.9108391608391608	0.7633699633699633
0.6132000618193834	0.6594936708860759	0.9108391608391608	0.7650513950073422
0.6132950984084959	0.662007623888183	0.9108391608391608	0.7667402501839589
0.6132978762323101	0.6628498727735369	0.9108391608391608	0.7673048600883652
0.6133043101807384	0.6645408163265306	0.9108391608391608	0.7684365781710916
0.6138571585827816	0.665389527458493	0.9108391608391608	0.7690036900369003
0.616279617450401	0.6679487179487179	0.9108391608391608	0.7707100591715976
0.6165774644184326	0.6705276705276705	0.9108391608391608	0.7724240177909562
0.6165859820994835	0.6713917525773195	0.9108391608391608	0.7729970326409495
0.6197085055027577	0.672258064516129	0.9108391608391608	0.7735708982925018
0.6197297917487129	0.6731266149870802	0.9108391608391608	0.7741456166419018
0.6197619360699493	0.6748704663212435	0.9108391608391608	0.7752976190476191
0.6201922630046589	0.6757457846952011	0.9108391608391608	0.7758749069247953
0.6202320509562695	0.6783854166666666	0.9108391608391608	0.7776119402985074
0.6209588527929315	0.6792698826597132	0.9108391608391608	0.7781926811053024
0.6209655027680084	0.6819371727748691	0.9108391608391608	0.779940119760479
0.6209956764880847	0.6828309305373526	0.9108391608391608	0.7805243445692884
0.6212393961463218	0.6837270341207349	0.9108391608391608	0.7811094452773613
0.6212437604566339	0.686429512516469	0.9108391608391608	0.782870022539444
0.622772434690768	0.6873350923482849	0.9108391608391608	0.7834586466165413
0.6230573161319918	0.6900662251655629	0.9108391608391608	0.7852298417483045
0.6233468790506175	0.6909814323607427	0.9108391608391608	0.7858220211161387
0.6244179968186514	0.6905710491367862	0.9090909090909091	0.7849056603773585
0.6254043348656908	0.6914893617021277	0.9090909090909091	0.7854984894259819
0.625407831543319	0.6942590120160214	0.9090909090909091	0.7872823618470856
0.6267936390824427	0.6970509383378016	0.9090909090909091	0.7890743550834597
0.6268254884133174	0.6998654104979811	0.9090909090909091	0.790874524714829
0.6300474067778575	0.6994609164420486	0.9073426573426573	0.7899543378995435
0.6318216197629092	0.699055330634278	0.9055944055944056	0.7890327494287891
0.6318244901537371	0.7	0.9055944055944056	0.7896341463414633
0.6318254501864875	0.7018970189701897	0.9055944055944056	0.7908396946564886
0.6342123930728498	0.7028493894165536	0.9055944055944056	0.7914438502673797
0.6360253016045193	0.7047619047619048	0.9055944055944056	0.7926549349655702
0.6365677389002045	0.7066848567530696	0.9055944055944056	0.7938697318007663
0.6379228703564389	0.7062841530054644	0.9038461538461539	0.7929447852760736
0.6392578201835736	0.7058823529411765	0.9020979020979021	0.7920184190330007
0.6402480593967644	0.7054794520547946	0.9003496503496503	0.7910906298003073
0.648029745179862	0.7050754458161865	0.8986013986013986	0.7901614142966947
0.6480720942013274	0.7046703296703297	0.8968531468531469	0.7892307692307693
0.6497596402098891	0.7042640990371389	0.8951048951048951	0.7882986913010007
0.6504369742710906	0.7038567493112947	0.8933566433566433	0.7873651771956856
0.6541454340361778	0.7034482758620689	0.8916083916083916	0.7864302235929067
0.6553399878321523	0.7030386740331491	0.8898601398601399	0.7854938271604938
0.6579266782507436	0.7026279391424619	0.8881118881118881	0.7845559845559845
0.6586918537265182	0.7022160664819944	0.8863636363636364	0.7836166924265843
0.6615578923061528	0.7018030513176144	0.8846153846153846	0.782675947409126
0.664603622567466	0.7013888888888888	0.8828671328671329	0.781733746130031
0.6682788633752899	0.7009735744089013	0.8811188811188811	0.7807900852052672
0.6683738914942622	0.7005571030640668	0.8793706293706294	0.7798449612403101
0.6706009622774993	0.700139470013947	0.8776223776223776	0.7788983708301009
0.6708648215545022	0.6997206703910615	0.8758741258741258	0.7779503105590062
0.672366836096241	0.6993006993006993	0.8741258741258742	0.7770007770007771
0.6731238049300055	0.6988795518207283	0.8723776223776224	0.7760497667185071
0.6783731977359602	0.6984572230014026	0.8706293706293706	0.7750972762645916
0.6790166838349443	0.6980337078651685	0.8688811188811189	0.7741433021806854
0.6792928860034451	0.6976090014064698	0.8671328671328671	0.7731878409976618
0.6811671377558306	0.6971830985915493	0.8653846153846154	0.7722308892355694
0.6824977285128553	0.6967559943582511	0.8636363636363636	0.771272443403591
0.6919928742222722	0.6963276836158192	0.8618881118881119	0.7703125
0.6975051591261863	0.695898161244696	0.8601398601398601	0.7693510555121188
0.6975609868831846	0.6954674220963173	0.8583916083916084	0.7683881064162755
0.6979674982362216	0.6974431818181818	0.8583916083916084	0.7695924764890282
0.7098491933843215	0.6970128022759602	0.8566433566433567	0.7686274509803921
0.7100480347851279	0.6965811965811965	0.8548951048951049	0.7676609105180535
0.7101819485577667	0.6961483594864479	0.8531468531468531	0.7666928515318145
0.7103820088169694	0.6957142857142857	0.8513986013986014	0.7657232704402517
0.7108695742149403	0.6977077363896849	0.8513986013986014	0.7669291338582677
0.7110340476421698	0.6997126436781609	0.8513986013986014	0.7681388012618297
0.7110780824377249	0.7017291066282421	0.8513986013986014	0.769352290679305
0.7111102745216898	0.7012987012987013	0.8496503496503497	0.7683794466403163
0.7111103171731102	0.703328509406657	0.8496503496503497	0.7695961995249405
0.7111117188259749	0.7053701015965167	0.8496503496503497	0.7708168120539255
0.7111122666347539	0.7074235807860262	0.8496503496503497	0.7720413026211279
0.7111125094855095	0.7094890510948905	0.8496503496503497	0.7732696897374701
0.7111137340387744	0.7115666178623719	0.8496503496503497	0.7745019920318725
0.711156058360893	0.7136563876651982	0.8496503496503497	0.7757382282521946
0.7111912836233832	0.7147058823529412	0.8496503496503497	0.7763578274760383
0.7112889911802586	0.7157584683357879	0.8496503496503497	0.7769784172661871
0.7113594267970527	0.7168141592920354	0.8496503496503497	0.7776000000000002
0.7113613726965026	0.7189349112426036	0.8496503496503497	0.778846153846154
0.711368926952601	0.72	0.8496503496503497	0.7794707297514033
0.7113707567467317	0.7210682492581603	0.8496503496503497	0.7800963081861959
0.7115216707382784	0.7221396731054978	0.8496503496503497	0.7807228915662651
0.7115834596970408	0.7242921013412816	0.8496503496503497	0.7819790828640386
0.7116708829553916	0.7238805970149254	0.8479020979020979	0.7809983896940419
0.7123242817807375	0.7249626307922272	0.8479020979020979	0.781627719580983
0.7128838004364455	0.7260479041916168	0.8479020979020979	0.782258064516129
0.7128987622896824	0.7282282282282282	0.8479020979020979	0.7835218093699515
0.7129069258535035	0.7278195488721805	0.8461538461538461	0.782538399353274
0.7132180567756562	0.7300150829562594	0.8461538461538461	0.7838056680161943
0.7140030156855817	0.7322239031770046	0.8461538461538461	0.7850770478507704
0.7142040321064911	0.7344461305007587	0.8461538461538461	0.786352558895207
0.7147918549500755	0.7366818873668188	0.8461538461538461	0.7876322213181449
0.7149524105808003	0.7389312977099237	0.8461538461538461	0.788916055419723
0.7149791847010925	0.7411944869831547	0.8461538461538461	0.7902040816326531
0.7150960466889661	0.7434715821812596	0.8461538461538461	0.7914963205233033
0.7151333623100941	0.7457627118644068	0.8461538461538461	0.7927927927927929
0.715157838505222	0.7480680061823802	0.8461538461538461	0.7940935192780967
0.7157408043044807	0.7476780185758514	0.8444055944055944	0.793103448275862
0.7157651544429731	0.75	0.8444055944055944	0.7944078947368421
0.7157849674152411	0.749611197511664	0.8426573426573427	0.7934156378600823
0.7158402605921547	0.7519500780031201	0.8426573426573427	0.7947238252267106
0.716130589716813	0.7543035993740219	0.8426573426573427	0.7960363336085879
0.716248586223522	0.7566718995290423	0.8426573426573427	0.7973531844499585
0.716343863147145	0.7562893081761006	0.8409090909090909	0.7963576158940396
0.7163811347346877	0.7586750788643533	0.8409090909090909	0.7976782752902155
0.7164343423059523	0.7610759493670886	0.8409090909090909	0.7990033222591362
0.7167518543662321	0.7634920634920634	0.8409090909090909	0.8003327787021631
0.716927239309056	0.7659235668789809	0.8409090909090909	0.8016666666666666
0.7169659497391526	0.7655502392344498	0.8391608391608392	0.8006672226855713
0.7172012341025878	0.768	0.8391608391608392	0.8020050125313283
0.7172388518840588	0.7704654895666132	0.8391608391608392	0.803347280334728
0.7174548001582575	0.770096463022508	0.8374125874125874	0.8023450586264657
0.7174918111169963	0.7725806451612903	0.8374125874125874	0.8036912751677852
0.7176518353749467	0.7750809061488673	0.8374125874125874	0.8050420168067227
0.7177040248741569	0.7747163695299838	0.8356643356643356	0.8040370058873001
0.7177376327283521	0.7772357723577236	0.8356643356643356	0.8053917438921652
0.7183074797595952	0.7768729641693811	0.833916083916084	0.8043844856661045
0.7189245914976892	0.7765089722675367	0.8321678321678322	0.8033755274261603
0.7189650780184744	0.7761437908496732	0.8304195804195804	0.8023648648648649
0.7190083384663707	0.7757774140752864	0.8286713286713286	0.801352493660186
0.719279377965008	0.7783251231527094	0.8286713286713286	0.8027095681625741
0.7193779957550267	0.7779605263157895	0.8269230769230769	0.8016949152542372
0.7197826809010031	0.7775947281713345	0.8251748251748252	0.8006785411365565
0.7203809326833956	0.7772277227722773	0.8234265734265734	0.799660441426146
0.7205283950153581	0.7798013245033113	0.8234265734265734	0.8010204081632654
0.7206108185735985	0.7794361525704809	0.8216783216783217	0.8
0.720628914296949	0.7790697674418605	0.8199300699300699	0.7989778534923339
0.7220724931040643	0.778702163061564	0.8181818181818182	0.7979539641943735
0.7220928253190582	0.7783333333333333	0.8164335664335665	0.7969283276450512
0.7227731931394449	0.7809364548494984	0.8164335664335665	0.7982905982905983
0.7227822938358719	0.7805695142378559	0.8146853146853147	0.797262617621899
0.722889597301782	0.7831932773109244	0.8146853146853147	0.7986289631533847
0.7229573851657755	0.7858347386172007	0.8146853146853147	0.8000000000000002
0.7234128732162902	0.785472972972973	0.8129370629370629	0.7989690721649485
0.7242072273306748	0.788135593220339	0.8129370629370629	0.8003442340791739
0.7242393673715122	0.7908163265306123	0.8129370629370629	0.8017241379310345
0.7246998908004083	0.7904599659284497	0.8111888111888111	0.8006902502157032
0.7247834709722422	0.7901023890784983	0.8094405594405595	0.7996545768566494
0.7250379926396631	0.7897435897435897	0.8076923076923077	0.7986171132238548
0.7250779752134949	0.7893835616438356	0.8059440559440559	0.7975778546712802
0.72521498406174	0.7890222984562607	0.8041958041958042	0.7965367965367965
0.7257482118025109	0.788659793814433	0.8024475524475524	0.7954939341421143
0.7259765338844328	0.7900172117039587	0.8024475524475524	0.7961838681699913
0.7260482601520789	0.7927461139896373	0.8024475524475524	0.797567332754127
0.7261455451750853	0.7954939341421143	0.8024475524475524	0.7989556135770234
0.7262163498292193	0.7951388888888888	0.8006993006993007	0.7979094076655052
0.7262976075295275	0.7947826086956522	0.798951048951049	0.7968613775065388
0.7264621606889178	0.794425087108014	0.7972027972027972	0.7958115183246073
0.7269282483489495	0.794066317626527	0.7954545454545454	0.7947598253275109
0.7272057511383212	0.7937062937062938	0.7937062937062938	0.7937062937062938
0.7272371505171612	0.7933450087565674	0.791958041958042	0.7926509186351706
0.7277109999415883	0.7929824561403509	0.7902097902097902	0.7915936952714536
0.7277669195554135	0.7926186291739895	0.7884615384615384	0.7905346187554776
0.7283590145355247	0.7954144620811288	0.7884615384615384	0.7919227392449517
0.729093980348452	0.7950530035335689	0.7867132867132867	0.7908611599297013
0.7293915997791659	0.7946902654867256	0.784965034965035	0.7897977132805629
0.7296752059570162	0.7943262411347518	0.7832167832167832	0.7887323943661974
0.7300068602994327	0.7939609236234458	0.7814685314685315	0.7876651982378855
0.731559809217168	0.7935943060498221	0.7797202797202797	0.7865961199294533
0.731676370612578	0.7932263814616756	0.777972027972028	0.7855251544571932
0.7317085100769906	0.7928571428571428	0.7762237762237763	0.784452296819788
0.7325988683270094	0.7924865831842576	0.7744755244755245	0.7833775419982315
0.7326391876004138	0.7921146953405018	0.7727272727272727	0.7823008849557522
0.7345237489124902	0.7917414721723519	0.7709790209790209	0.7812223206377326
0.7350735085282271	0.7913669064748201	0.7692307692307693	0.7801418439716313
0.7359996356924442	0.790990990990991	0.7674825174825175	0.7790594498669033
0.7366031496608907	0.7906137184115524	0.7657342657342657	0.7779751332149201
0.7367759049228162	0.7902350813743219	0.763986013986014	0.7768888888888889
0.7374540712423129	0.7898550724637681	0.7622377622377622	0.7758007117437722
0.7376368971679929	0.7894736842105263	0.7604895104895105	0.7747105966162066
0.7385080950513205	0.7890909090909091	0.7587412587412588	0.7736185383244207
0.7404599985607997	0.7887067395264117	0.756993006993007	0.7725245316681534
0.7418211501989648	0.7883211678832117	0.7552447552447552	0.7714285714285714
0.7422973439967514	0.7879341864716636	0.7534965034965035	0.7703306523681859
0.7438327723267295	0.7875457875457875	0.7517482517482518	0.7692307692307693
0.745549616041484	0.7871559633027523	0.75	0.7681289167412712
0.7478385598468091	0.7867647058823529	0.7482517482517482	0.7670250896057347
0.7487436861574003	0.7863720073664825	0.7465034965034965	0.7659192825112108
0.7515104216875939	0.7859778597785978	0.7447552447552448	0.7648114901256733
0.7519823429786563	0.7855822550831792	0.743006993006993	0.7637017070979336
0.7523304319997282	0.7851851851851852	0.7412587412587412	0.7625899280575539
0.7530867896987682	0.7881040892193308	0.7412587412587412	0.763963963963964
0.7537765919523999	0.7877094972067039	0.7395104895104895	0.762849413886384
0.7539413931256518	0.7873134328358209	0.7377622377622378	0.7617328519855596
0.7555049688080956	0.7869158878504673	0.736013986013986	0.7606142728093948
0.7603080214185752	0.7865168539325843	0.7342657342657343	0.759493670886076
0.762607766013604	0.7861163227016885	0.7325174825174825	0.7583710407239819
0.7635171519446241	0.7890772128060264	0.7325174825174825	0.7597461468721668
0.7640338417319973	0.7905660377358491	0.7325174825174825	0.7604355716878403
0.7647686623779901	0.7901701323251418	0.7307692307692307	0.7593097184377837
0.7678962172983557	0.7897727272727273	0.7290209790209791	0.7581818181818183
0.7721865827906388	0.7893738140417458	0.7272727272727273	0.7570518653321201
0.7727759302196681	0.7889733840304183	0.7255244755244755	0.75591985428051
0.7743127653199546	0.7904761904761904	0.7255244755244755	0.7566089334548769
0.7751946807838598	0.7900763358778626	0.7237762237762237	0.7554744525547445
0.7761788138869413	0.7896749521988528	0.722027972027972	0.754337899543379
0.8046417314262051	0.789272030651341	0.7202797202797203	0.753199268738574
0.8071360688036129	0.7888675623800384	0.7185314685314685	0.7520585544373284
0.8227988298296658	0.7884615384615384	0.7167832167832168	0.7509157509157509
0.8258282962258128	0.7880539499036608	0.715034965034965	0.7497708524289644
0.8282013788515221	0.7895752895752896	0.715034965034965	0.7504587155963302
0.8287632775538413	0.7911025145067698	0.715034965034965	0.751147842056933
0.8326495399868473	0.7906976744186046	0.7132867132867133	0.7499999999999999
0.8331379620811995	0.7902912621359224	0.7115384615384616	0.7488500459981602
0.8333817858120125	0.794921875	0.7115384615384616	0.7509225092250923
0.8359597810248514	0.7945205479452054	0.7097902097902098	0.749769159741459
0.8370079515673088	0.7941176470588235	0.708041958041958	0.7486136783733826
0.8385777853675598	0.793713163064833	0.7062937062937062	0.7474560592044401
0.8387799057169855	0.7933070866141733	0.7045454545454546	0.7462962962962965
0.8394565728744641	0.7928994082840237	0.7027972027972028	0.7451343836886006
0.8426366457257968	0.7924901185770751	0.701048951048951	0.7439703153988869
0.8439359406083413	0.7920792079207921	0.6993006993006993	0.7428040854224698
0.8440707557654495	0.7916666666666666	0.6975524475524476	0.7416356877323421
0.8453295002470277	0.7912524850894632	0.6958041958041958	0.7404651162790697
0.8454731471148585	0.7908366533864541	0.6940559440559441	0.7392923649906891
0.8469669103048003	0.7904191616766467	0.6923076923076923	0.7381174277726003
0.8471112437274069	0.79	0.6905594405594405	0.7369402985074628
0.8471420438905264	0.7915831663326653	0.6905594405594405	0.7376283846872081
0.8472719292112405	0.7911646586345381	0.6888111888111889	0.7364485981308411
0.8482045826960285	0.795959595959596	0.6888111888111889	0.7385192127460168
0.8495602457345397	0.7955465587044535	0.6870629370629371	0.7373358348968105
0.849600565885287	0.795131845841785	0.6853146853146853	0.736150234741784
0.8502907497247061	0.7947154471544715	0.6835664335664335	0.7349624060150376
0.8523067472776755	0.7942973523421588	0.6818181818181818	0.7337723424270931
0.8525354368455274	0.7938775510204081	0.6800699300699301	0.7325800376647835
0.8529219189978247	0.7934560327198364	0.6783216783216783	0.7313854853911405
0.8535437353176714	0.7930327868852459	0.6765734265734266	0.730188679245283
0.8541666557663995	0.7926078028747433	0.6748251748251748	0.7289896128423041
0.8545107122990719	0.7921810699588477	0.6730769230769231	0.727788279773157
0.8556789924023508	0.7917525773195876	0.6713286713286714	0.7265846736045412
0.8560046131226007	0.7913223140495868	0.6695804195804196	0.7253787878787877
0.8564515245630898	0.7908902691511387	0.6678321678321678	0.7241706161137441
0.8568027386734554	0.7904564315352697	0.666083916083916	0.7229601518026565
0.8572237502914355	0.7900207900207901	0.6643356643356644	0.7217473884140551
0.8572276561079045	0.7933194154488518	0.6643356643356644	0.7231208372978116
0.8574191598483015	0.7949790794979079	0.6643356643356644	0.7238095238095238
0.8574815008035843	0.7945492662473794	0.6625874125874126	0.7225929456625357
0.858189514307145	0.7941176470588235	0.6608391608391608	0.7213740458015268
0.8582016636830753	0.7936842105263158	0.6590909090909091	0.720152817574021
0.8587862454772989	0.7932489451476793	0.6573426573426573	0.7189292543021032
0.8587877082109794	0.7928118393234672	0.6555944055944056	0.7177033492822966
0.8588609878345488	0.7923728813559322	0.6538461538461539	0.7164750957854407
0.8592477677049635	0.7919320594479831	0.6520979020979021	0.7152444870565675
0.8593936814579233	0.7914893617021277	0.6503496503496503	0.7140115163147793
0.8597229604631197	0.7910447761194029	0.6486013986013986	0.712776176753122
0.8597941940878719	0.7905982905982906	0.6468531468531469	0.7115384615384615
0.8598364269105739	0.7901498929336188	0.6451048951048951	0.7102983638113571
0.8599291346998703	0.7896995708154506	0.6433566433566433	0.7090558766859345
0.8600251463908309	0.789247311827957	0.6416083916083916	0.7078109932497589
0.8600636300793283	0.7887931034482759	0.6398601398601399	0.7065637065637067
0.8602314048189292	0.7883369330453563	0.6381118881118881	0.7053140096618357
0.8602317791535483	0.7878787878787878	0.6363636363636364	0.7040618955512572
0.8602786692313371	0.7874186550976139	0.6346153846153846	0.7028073572120039
0.8603128562031408	0.7869565217391304	0.6328671328671329	0.7015503875968992
0.8603778338696736	0.7864923747276689	0.6311188811188811	0.7002909796314258
0.8604571578976248	0.7860262008733624	0.6293706293706294	0.6990291262135923
0.8605727421818467	0.7855579868708972	0.6276223776223776	0.6977648202137998
0.8609994105619171	0.7850877192982456	0.6258741258741258	0.696498054474708
0.8611690456054278	0.7846153846153846	0.6241258741258742	0.6952288218111004
0.8612815426490386	0.7841409691629956	0.6223776223776224	0.6939571150097467
0.8615251381435787	0.7836644591611479	0.6206293706293706	0.6926829268292684
0.8615807714903951	0.7831858407079646	0.6188811188811189	0.69140625
0.8615912572338918	0.7827050997782705	0.6171328671328671	0.6901270772238514
0.8616182901222011	0.7822222222222223	0.6153846153846154	0.6888454011741683
0.8616715721623652	0.7817371937639198	0.6136363636363636	0.6875612144955925
0.862174571552316	0.78125	0.6118881118881119	0.6862745098039216
0.8622023850824985	0.7807606263982103	0.6101398601398601	0.6849852796859666
0.8627421265897712	0.7802690582959642	0.6083916083916084	0.6836935166994107
0.8628958824975218	0.7797752808988764	0.6066433566433567	0.6823992133726646
0.8629335846408503	0.7792792792792793	0.6048951048951049	0.6811023622047245
0.8629956517075585	0.7787810383747178	0.6031468531468531	0.6798029556650246
0.8630011574599874	0.7782805429864253	0.6013986013986014	0.6785009861932939
0.8631070438717503	0.7777777777777778	0.5996503496503497	0.6771964461994077
0.8632072353826816	0.7772727272727272	0.5979020979020979	0.6758893280632411
0.863256884715735	0.7767653758542141	0.5961538461538461	0.6745796241345202
0.8633147791976156	0.776255707762557	0.5944055944055944	0.6732673267326732
0.8634782797522652	0.7757437070938215	0.5926573426573427	0.6719524281466799
0.8635242270367215	0.7752293577981652	0.5909090909090909	0.6706349206349207
0.8638563490868298	0.774712643678161	0.5891608391608392	0.6693147964250248
0.8641094924447359	0.7741935483870968	0.5874125874125874	0.6679920477137177
0.86416325755498	0.7736720554272517	0.5856643356643356	0.6666666666666666
0.8642713652107289	0.7731481481481481	0.583916083916084	0.6653386454183268
0.864659370852823	0.7726218097447796	0.5821678321678322	0.6640079760717846
0.8652656133538252	0.772093023255814	0.5804195804195804	0.6626746506986028
0.8654083971344931	0.7715617715617715	0.5786713286713286	0.6613386613386613
0.8655983924893809	0.7710280373831776	0.5769230769230769	0.66
0.865774074453582	0.7704918032786885	0.5751748251748252	0.6586586586586587
0.8665274054417802	0.7699530516431925	0.5734265734265734	0.6573146292585171
0.8670616338396504	0.7694117647058824	0.5716783216783217	0.6559679037111333
0.8672406656765275	0.7688679245283019	0.5699300699300699	0.6546184738955824
0.8677968624968673	0.7683215130023641	0.5681818181818182	0.6532663316582914
0.8679223561745147	0.7677725118483413	0.5664335664335665	0.6519114688128773
0.8694124724129927	0.7751196172248804	0.5664335664335665	0.6545454545454547
0.8696692196866754	0.7745803357314148	0.5646853146853147	0.6531850353892821
0.8696765490325903	0.7740384615384616	0.5629370629370629	0.6518218623481781
0.8698818299443116	0.7734939759036145	0.5611888111888111	0.6504559270516717
0.8705965428152761	0.7729468599033816	0.5594405594405595	0.6490872210953347
0.870855063767411	0.7723970944309927	0.5576923076923077	0.6477157360406091
0.8709274050755192	0.7718446601941747	0.5559440559440559	0.6463414634146342
0.8709416963315524	0.7712895377128953	0.5541958041958042	0.6449643947100712
0.8710489579664799	0.7707317073170732	0.5524475524475524	0.6435845213849287
0.8712423126038604	0.7701711491442543	0.5506993006993007	0.6422018348623854
0.8728679428890761	0.7696078431372549	0.548951048951049	0.6408163265306123
0.8730027182144932	0.769041769041769	0.5472027972027972	0.6394279877425946
0.8730385871962562	0.7684729064039408	0.5454545454545454	0.6380368098159509
0.8733416428846809	0.7679012345679013	0.5437062937062938	0.6366427840327533
0.8736056674005261	0.7673267326732673	0.541958041958042	0.6352459016393444
0.8736121143343596	0.7667493796526055	0.5402097902097902	0.6338461538461538
0.8782983042815259	0.7661691542288557	0.5384615384615384	0.6324435318275153
0.8783766796746642	0.7655860349127181	0.5367132867132867	0.6310380267214799
0.8786282633579132	0.765	0.534965034965035	0.6296296296296297
0.8791475850798074	0.7644110275689223	0.5332167832167832	0.6282183316168898
0.8792579128054093	0.7638190954773869	0.5314685314685315	0.6268041237113402
0.8796476771079228	0.7632241813602015	0.5297202797202797	0.6253869969040248
0.8803570117790215	0.7626262626262627	0.527972027972028	0.6239669421487604
0.8808513684250371	0.7620253164556962	0.5262237762237763	0.6225439503619441
0.8812447614787605	0.7614213197969543	0.5244755244755245	0.6211180124223603
0.8812705560211248	0.7608142493638677	0.5227272727272727	0.6196891191709845
0.8819567645144399	0.7602040816326531	0.5209790209790209	0.6182572614107883
0.8822593079046368	0.7595907928388747	0.5192307692307693	0.616822429906542
0.8830445699108483	0.7589743589743589	0.5174825174825175	0.6153846153846154
0.8837014400846609	0.7583547557840618	0.5157342657342657	0.6139438085327783
0.8841556892891396	0.7577319587628866	0.513986013986014	0.6125
0.8845592537905858	0.7571059431524548	0.5122377622377622	0.611053180396246
0.8846620245224048	0.7564766839378239	0.5104895104895105	0.6096033402922757
0.8860526020184374	0.7558441558441559	0.5087412587412588	0.6081504702194357
0.8866019879588154	0.7552083333333334	0.506993006993007	0.606694560669456
0.886767420157418	0.7545691906005222	0.5052447552447552	0.6052356020942408
0.886932578645065	0.7539267015706806	0.5034965034965035	0.6037735849056604
0.8870141711418846	0.7532808398950132	0.5017482517482518	0.6023084994753412
0.8888904190513455	0.7526315789473684	0.5	0.6008403361344539
0.8889791921212497	0.7519788918205804	0.4982517482517482	0.5993690851735015
0.8890421594059591	0.7513227513227513	0.4965034965034965	0.5978947368421053
0.8892591886762448	0.7506631299734748	0.49475524475524474	0.5964172813487882
0.8893091317470614	0.75	0.493006993006993	0.5949367088607596
0.8895327051875852	0.7560321715817694	0.493006993006993	0.5968253968253968
0.8902957243776931	0.7553763440860215	0.49125874125874125	0.5953389830508474
0.8903603305813028	0.7547169811320755	0.48951048951048953	0.5938494167550371
0.8904714271197578	0.754054054054054	0.48776223776223776	0.5923566878980892
0.8906923600015506	0.7533875338753387	0.486013986013986	0.5908607863974495
0.8911867304462118	0.7527173913043478	0.48426573426573427	0.5893617021276596
0.8914797281835537	0.7520435967302452	0.4825174825174825	0.5878594249201278
0.8915675518926516	0.7513661202185792	0.4807692307692308	0.5863539445628998
0.8916582937712118	0.7506849315068493	0.479020979020979	0.5848452508004269
0.8919717207809971	0.75	0.4772727272727273	0.5833333333333334
0.8920035323187525	0.7493112947658402	0.4755244755244755	0.5818181818181819
0.8922297095890105	0.7486187845303868	0.4737762237762238	0.5802997858672377
0.8923495798492481	0.7479224376731302	0.47202797202797203	0.5787781350482315
0.8924172250579646	0.7472222222222222	0.47027972027972026	0.5772532188841202
0.892610141609356	0.7465181058495822	0.46853146853146854	0.5757250268528464
0.8929754219092961	0.7458100558659218	0.46678321678321677	0.5741935483870968
0.8934371902102873	0.7450980392156863	0.46503496503496505	0.5726587728740582
0.8935740182728085	0.7443820224719101	0.4632867132867133	0.5711206896551725
0.8938135661079943	0.7436619718309859	0.46153846153846156	0.56957928802589
0.8938727506801046	0.7429378531073446	0.4597902097902098	0.5680345572354212
0.8939561063291693	0.7422096317280453	0.458041958041958	0.5664864864864865
0.8944263648454004	0.7414772727272727	0.4562937062937063	0.564935064935065
0.8944766998338878	0.7407407407407407	0.45454545454545453	0.5633802816901408
0.8946394353133851	0.74	0.4527972027972028	0.561822125813449
0.8951952820902087	0.7392550143266475	0.45104895104895104	0.5602605863192182
0.8953056219926835	0.7385057471264368	0.4493006993006993	0.558695652173913
0.8953510550968911	0.7377521613832853	0.44755244755244755	0.5571273122959739
0.8953878741473194	0.7369942196531792	0.4458041958041958	0.5555555555555556
0.8954227766486701	0.736231884057971	0.44405594405594406	0.5539803707742639
0.895531314851952	0.7354651162790697	0.4423076923076923	0.5524017467248908
0.8955941699278577	0.7346938775510204	0.4405594405594406	0.5508196721311476
0.8956227630758219	0.7339181286549707	0.4388111888111888	0.5492341356673961
0.8956326942449231	0.7331378299120235	0.4370629370629371	0.547645125958379
0.8966835937567896	0.7323529411764705	0.4353146853146853	0.5460526315789473
0.8967249728026815	0.7315634218289085	0.43356643356643354	0.5444566410537871
0.8971249881525744	0.7307692307692307	0.4318181818181818	0.5428571428571428
0.8976043801674614	0.7299703264094956	0.43006993006993005	0.5412541254125411
0.8986280882530184	0.7291666666666666	0.42832167832167833	0.5396475770925111
0.8986332090948149	0.7283582089552239	0.42657342657342656	0.538037486218302
0.8988961624446804	0.7275449101796407	0.42482517482517484	0.5364238410596027
0.89895662027334	0.7341389728096677	0.42482517482517484	0.5382059800664453
0.8994495336024622	0.7333333333333333	0.4230769230769231	0.5365853658536585
0.8996547272877252	0.7325227963525835	0.42132867132867136	0.5349611542730299
0.8999972085793327	0.7317073170731707	0.4195804195804196	0.5333333333333333
0.9000360017881986	0.7308868501529052	0.4178321678321678	0.5317018909899889
0.9000806361213897	0.7300613496932515	0.4160839160839161	0.5300668151447662
0.9000984241885772	0.7292307692307692	0.4143356643356643	0.528428093645485
0.900118020767411	0.7283950617283951	0.4125874125874126	0.5267857142857143
0.9006220622541945	0.735202492211838	0.4125874125874126	0.528555431131019
0.9008422393117889	0.734375	0.41083916083916083	0.5269058295964125
0.9008755720978698	0.7413249211356467	0.41083916083916083	0.5286839145106862
0.90106873458845	0.740506329113924	0.4090909090909091	0.527027027027027
0.9011984403089663	0.7396825396825397	0.40734265734265734	0.5253664036076663
0.9012533553633114	0.7388535031847133	0.40559440559440557	0.5237020316027088
0.9015244813446281	0.7380191693290735	0.40384615384615385	0.5220338983050848
0.9015262628637081	0.7371794871794872	0.4020979020979021	0.5203619909502263
0.9016321233254471	0.7419354838709677	0.4020979020979021	0.5215419501133787
0.9016338217278188	0.7411003236245954	0.40034965034965037	0.5198637911464244
0.9017980849130929	0.7402597402597403	0.3986013986013986	0.5181818181818181
0.9019887349867165	0.739413680781759	0.3968531468531469	0.5164960182025028
0.9023340332571599	0.738562091503268	0.3951048951048951	0.5148063781321185
0.9024679046416014	0.7377049180327869	0.39335664335664333	0.5131128848346636
0.9025643835697023	0.7368421052631579	0.3916083916083916	0.5114155251141552
0.9026186594404128	0.735973597359736	0.38986013986013984	0.5097142857142857
0.903077267946636	0.7408637873754153	0.38986013986013984	0.5108820160366552
0.9034474889014158	0.74	0.3881118881118881	0.5091743119266056
0.904093065373825	0.7391304347826086	0.38636363636363635	0.5074626865671641
0.9044316476920701	0.7441077441077442	0.38636363636363635	0.5086306098964326
0.9046450931407344	0.7517006802721088	0.38636363636363635	0.5103926096997691
0.9054020540410427	0.7508532423208191	0.38461538461538464	0.5086705202312138
0.9054048539201068	0.7534246575342466	0.38461538461538464	0.5092592592592592
0.9058991612909196	0.7560137457044673	0.38461538461538464	0.5098493626882967
0.9061036998259543	0.7551724137931034	0.38286713286713286	0.5081206496519722
0.9061489676378927	0.754325259515571	0.3811188811188811	0.5063879210220673
0.9062837258867446	0.7534722222222222	0.3793706293706294	0.5046511627906977
0.9063097076743165	0.7560975609756098	0.3793706293706294	0.5052386495925494
0.9063220297408093	0.7587412587412588	0.3793706293706294	0.5058275058275058
0.9067572513877019	0.7578947368421053	0.3776223776223776	0.5040840140023337
0.9079442597497855	0.7570422535211268	0.3758741258741259	0.5023364485981309
0.9082231680621706	0.7597173144876325	0.3758741258741259	0.5029239766081871
0.9082590417000344	0.7651245551601423	0.3758741258741259	0.5041031652989448
0.9084760137827592	0.7642857142857142	0.3741258741258741	0.5023474178403755
0.9085680897401972	0.7634408602150538	0.3723776223776224	0.500587544065805
0.9087489180638715	0.762589928057554	0.3706293706293706	0.4988235294117648
0.9089783848549834	0.7617328519855595	0.3688811188811189	0.49705535924617195
0.9090142099755123	0.7608695652173914	0.36713286713286714	0.49528301886792453
0.9092902250179379	0.7664233576642335	0.36713286713286714	0.4964539007092198
0.9100388175285238	0.7655677655677655	0.36538461538461536	0.49467455621301765
0.910504934419898	0.7683823529411765	0.36538461538461536	0.495260663507109
0.9107927699559892	0.7675276752767528	0.36363636363636365	0.4934756820877818
0.9112664440223037	0.7666666666666667	0.3618881118881119	0.4916864608076009
0.9119719204303378	0.7723880597014925	0.3618881118881119	0.49285714285714277
0.9122490665694181	0.7715355805243446	0.36013986013986016	0.49106078665077474
0.912483301387802	0.7706766917293233	0.3583916083916084	0.4892601431980907
0.9129853292147162	0.769811320754717	0.35664335664335667	0.48745519713261654
0.9132891719518157	0.7756653992395437	0.35664335664335667	0.48862275449101794
0.913407634595333	0.7748091603053435	0.3548951048951049	0.48681055155875297
0.9138138901173799	0.7739463601532567	0.3531468531468531	0.48499399759903955
0.9140479415152151	0.7730769230769231	0.3513986013986014	0.483173076923077
0.9143958898729104	0.7722007722007722	0.34965034965034963	0.48134777376654636
0.914801126245817	0.7713178294573644	0.3479020979020979	0.4795180722891566
0.9169534073229355	0.7704280155642024	0.34615384615384615	0.4776839565741857
0.917065475041196	0.76953125	0.34440559440559443	0.4758454106280194
0.9184434545533592	0.7686274509803922	0.34265734265734266	0.47400241837968565
0.9185678696356953	0.7677165354330708	0.3409090909090909	0.4721549636803874
0.9194606619847656	0.766798418972332	0.33916083916083917	0.47030303030303033
0.9198106914692095	0.7658730158730159	0.3374125874125874	0.46844660194174753
0.9201538666117284	0.7649402390438247	0.3356643356643357	0.46658566221142167
0.9204432778315251	0.764	0.3339160839160839	0.46472019464720193
0.9206719438229154	0.7630522088353414	0.3321678321678322	0.46285018270401956
0.92069607765673	0.7620967741935484	0.3304195804195804	0.4609756097560975
0.920699051633848	0.7651821862348178	0.3304195804195804	0.46153846153846156
0.9210588150786237	0.7682926829268293	0.3304195804195804	0.4621026894865526
0.9219488155318724	0.7673469387755102	0.32867132867132864	0.4602203182374541
0.9224469799590712	0.7704918032786885	0.32867132867132864	0.4607843137254903
0.922593433236712	0.7695473251028807	0.3269230769230769	0.4588957055214724
0.9238623342074925	0.768595041322314	0.32517482517482516	0.457002457002457
0.9239586506534332	0.7717842323651453	0.32517482517482516	0.45756457564575653
0.9243414432578292	0.775	0.32517482517482516	0.458128078817734
0.9261088805466964	0.7740585774058577	0.32342657342657344	0.4562268803945746
0.9282079819932318	0.773109243697479	0.32167832167832167	0.454320987654321
0.9285992650404821	0.7721518987341772	0.31993006993006995	0.4524103831891224
0.928713326963661	0.7711864406779662	0.3181818181818182	0.45049504950495045
0.9294164312617953	0.7702127659574468	0.31643356643356646	0.44857496902106564
0.9295717121606037	0.7692307692307693	0.3146853146853147	0.4466501240694789
0.9319398290100599	0.7682403433476395	0.3129370629370629	0.44472049689440996
0.9322600162959755	0.7672413793103449	0.3111888111888112	0.44278606965174133
0.9327004173126257	0.7662337662337663	0.3094405594405594	0.44084682440846823
0.9328355747935352	0.7652173913043478	0.3076923076923077	0.43890274314214467
0.9335537123931458	0.7641921397379913	0.30594405594405594	0.43695380774032455
0.9338819026344646	0.7631578947368421	0.3041958041958042	0.43500000000000005
0.9340662849884765	0.762114537444934	0.30244755244755245	0.43304130162703386
0.9341953730380261	0.7654867256637168	0.30244755244755245	0.43358395989974935
0.9343708869330841	0.7644444444444445	0.3006993006993007	0.43161856963613554
0.9349300252356055	0.7633928571428571	0.29895104895104896	0.4296482412060302
0.9353041188416972	0.7623318385650224	0.2972027972027972	0.4276729559748428
0.9365829645704651	0.7612612612612613	0.29545454545454547	0.42569269521410585
0.9381711720731134	0.7601809954751131	0.2937062937062937	0.4237074401008827
0.9387776443288214	0.759090909090909	0.291958041958042	0.42171717171717177
0.93892451413621	0.7579908675799086	0.2902097902097902	0.4197218710493047
0.9393644004161352	0.7568807339449541	0.28846153846153844	0.4177215189873417
0.9404010703463959	0.7557603686635944	0.2867132867132867	0.4157160963244613
0.9435195339104755	0.7546296296296297	0.28496503496503495	0.4137055837563452
0.9441046724278558	0.7534883720930232	0.28321678321678323	0.4116899618805592
0.9441389909556519	0.7523364485981309	0.28146853146853146	0.4096692111959287
0.9441611917248787	0.7511737089201878	0.27972027972027974	0.40764331210191085
0.9449386540735938	0.75	0.27797202797202797	0.4056122448979592
0.9454038852438831	0.7488151658767772	0.2762237762237762	0.4035759897828863
0.9457056563232779	0.7476190476190476	0.2744755244755245	0.4015345268542199
0.9463517887169939	0.7511961722488039	0.2744755244755245	0.4020486555697823
0.9465083986068419	0.75	0.2727272727272727	0.39999999999999997
0.9467291418768496	0.748792270531401	0.270979020979021	0.3979460847240051
0.9472967977908278	0.7475728155339806	0.2692307692307692	0.3958868894601542
0.9475640402875756	0.7463414634146341	0.2674825174825175	0.39382239382239387
0.9476184372857508	0.7450980392156863	0.26573426573426573	0.3917525773195876
0.9479586778738494	0.7438423645320197	0.263986013986014	0.3896774193548387
0.9480022843960679	0.7425742574257426	0.26223776223776224	0.38759689922480617
0.9481308138558039	0.7412935323383084	0.26048951048951047	0.3855109961190168
0.9482604259540326	0.745	0.26048951048951047	0.38601036269430045
0.9483674321494178	0.7437185929648241	0.25874125874125875	0.38391699092088194
0.9484448419691911	0.7424242424242424	0.256993006993007	0.3818181818181818
0.948503049657073	0.7411167512690355	0.25524475524475526	0.3797139141742523
0.9485166548579034	0.7397959183673469	0.2534965034965035	0.3776041666666667
0.9485236764566967	0.7384615384615385	0.2517482517482518	0.3754889178617993
0.9486208676085921	0.7371134020618557	0.25	0.37336814621409925
0.948730101571755	0.7357512953367875	0.24825174825174826	0.3712418300653595
0.9487723654382364	0.734375	0.2465034965034965	0.3691099476439791
0.9488296691326368	0.7329842931937173	0.24475524475524477	0.36697247706422015
0.9488696864982609	0.7315789473684211	0.243006993006993	0.3648293963254593
0.9489167845856752	0.7301587301587301	0.24125874125874125	0.3626806833114323
0.948967520934959	0.7287234042553191	0.2395104895104895	0.3605263157894737
0.9490493453890845	0.7272727272727273	0.23776223776223776	0.3583662714097497
0.9491083771308862	0.7258064516129032	0.23601398601398602	0.35620052770448546
0.949126045451078	0.7243243243243244	0.23426573426573427	0.35402906208718626
0.9492312282977382	0.7228260869565217	0.23251748251748253	0.35185185185185186
0.9494334895709172	0.7213114754098361	0.23076923076923078	0.34966887417218545
0.9494364507640938	0.7197802197802198	0.229020979020979	0.3474801061007957
0.9495389168443792	0.7182320441988951	0.22727272727272727	0.3452855245683931
0.9496015000450863	0.7166666666666667	0.22552447552447552	0.34308510638297873
0.9496172571844148	0.7150837988826816	0.22377622377622378	0.340878828229028
0.9497037419789726	0.7134831460674157	0.22202797202797203	0.33866666666666667
0.9499223351652272	0.711864406779661	0.2202797202797203	0.3364485981308411
0.9499938485297335	0.7102272727272727	0.21853146853146854	0.33422459893048134
0.9501001608846553	0.7085714285714285	0.21678321678321677	0.33199464524765726
0.9501292826111412	0.7068965517241379	0.21503496503496503	0.3297587131367292
0.9505146254095385	0.7052023121387283	0.21328671328671328	0.3275167785234899
0.9506311838689079	0.7034883720930233	0.21153846153846154	0.32526881720430106
0.950687831274738	0.7017543859649122	0.2097902097902098	0.32301480484522205
0.9508944166474345	0.7	0.20804195804195805	0.32075471698113206
0.9509139313210074	0.6982248520710059	0.2062937062937063	0.3184885290148448
0.950954543883102	0.6964285714285714	0.20454545454545456	0.3162162162162162
0.9510083935846724	0.6946107784431138	0.20279720279720279	0.31393775372124494
0.9511909396302634	0.6927710843373494	0.20104895104895104	0.3116531165311653
0.9513693369787656	0.6909090909090909	0.1993006993006993	0.3093622795115332
0.9513911042194589	0.6890243902439024	0.19755244755244755	0.3070652173913044
0.9513941131571616	0.6871165644171779	0.1958041958041958	0.3047619047619048
0.9514561349162549	0.6851851851851852	0.19405594405594406	0.3024523160762943
0.9516872863732492	0.6832298136645962	0.19230769230769232	0.30013642564802184
0.9517384620827609	0.68125	0.19055944055944055	0.2978142076502732
0.9522693541558904	0.6792452830188679	0.1888111888111888	0.295485636114911
0.9524643817384072	0.7012987012987013	0.1888111888111888	0.2975206611570248
0.9526101991122761	0.6993464052287581	0.18706293706293706	0.29517241379310344
0.9533590115479517	0.6973684210526315	0.1853146853146853	0.292817679558011
0.9533775612095553	0.695364238410596	0.18356643356643357	0.29045643153526973
0.9535384671598611	0.6933333333333334	0.18181818181818182	0.28808864265927975
0.9536721833101394	0.6912751677852349	0.18006993006993008	0.2857142857142857
0.9546453710471132	0.6891891891891891	0.17832167832167833	0.2833333333333334
0.9552793540943176	0.6870748299319728	0.17657342657342656	0.2809457579972183
0.9554080759461762	0.684931506849315	0.17482517482517482	0.27855153203342614
0.956790213372908	0.6827586206896552	0.17307692307692307	0.27615062761506276
0.9570694506046004	0.6805555555555556	0.17132867132867133	0.2737430167597765
0.9570729957639077	0.6783216783216783	0.16958041958041958	0.27132867132867133
0.9572417647066388	0.676056338028169	0.16783216783216784	0.26890756302521013
0.9577862176113026	0.6737588652482269	0.1660839160839161	0.26647966339410945
0.9577911951699009	0.6714285714285714	0.16433566433566432	0.2640449438202247
0.9580216764524431	0.6690647482014388	0.16258741258741258	0.26160337552742613
0.9580764284261376	0.6666666666666666	0.16083916083916083	0.2591549295774648
0.9581864345773308	0.6642335766423357	0.1590909090909091	0.2566995768688293
0.9582174970622219	0.6617647058823529	0.15734265734265734	0.2542372881355932
0.9582963143838024	0.6592592592592592	0.1555944055944056	0.25176803394625175
0.9586374351348241	0.6567164179104478	0.15384615384615385	0.2492917847025496
0.9587287458286565	0.6541353383458647	0.1520979020979021	0.2468085106382979
0.9587870592373846	0.6515151515151515	0.15034965034965034	0.2443181818181818
0.9592722931118668	0.648854961832061	0.1486013986013986	0.2418207681365576
0.9596990472457564	0.6461538461538462	0.14685314685314685	0.2393162393162393
0.9597520272036236	0.6434108527131783	0.1451048951048951	0.2368045649072753
0.9597521190984246	0.640625	0.14335664335664336	0.2342857142857143
0.9599672043455779	0.6377952755905512	0.14160839160839161	0.2317596566523605
0.9600688584721141	0.6349206349206349	0.13986013986013987	0.2292263610315186
0.9601214640470712	0.632	0.1381118881118881	0.22668579626972737
0.9603834153291971	0.6290322580645161	0.13636363636363635	0.22413793103448273
0.9605396271280692	0.6260162601626016	0.1346153846153846	0.22158273381294966
0.9605535664530827	0.6229508196721312	0.13286713286713286	0.2190201729106628
0.960591821000871	0.6198347107438017	0.13111888111888112	0.21645021645021645
0.9607212627969259	0.6166666666666667	0.12937062937062938	0.21387283236994223
0.9610513247354874	0.6134453781512605	0.12762237762237763	0.21128798842257598
0.9623805344610137	0.6101694915254238	0.1258741258741259	0.20869565217391306
0.9631571623091836	0.6068376068376068	0.12412587412587413	0.20609579100145134
0.9631643228237937	0.6228070175438597	0.12412587412587413	0.20699708454810495
0.9635596173762252	0.6283185840707964	0.12412587412587413	0.2072992700729927
0.963580642741942	0.625	0.12237762237762238	0.2046783625730994
0.9648417619207804	0.6216216216216216	0.12062937062937062	0.2020497803806735
0.9653406095434701	0.6181818181818182	0.11888111888111888	0.19941348973607037
0.9657888257482474	0.6146788990825688	0.11713286713286714	0.19676945668135093
0.9658560368578106	0.6111111111111112	0.11538461538461539	0.19411764705882353
0.9659688599164696	0.6226415094339622	0.11538461538461539	0.19469026548672566
0.9660775589705121	0.6190476190476191	0.11363636363636363	0.19202363367799113
0.9667035417093938	0.6153846153846154	0.11188811188811189	0.18934911242603553
0.966772432758658	0.6116504854368932	0.11013986013986014	0.18666666666666668
0.9669062267599817	0.6078431372549019	0.10839160839160839	0.18397626112759644
0.9670473402639264	0.6039603960396039	0.10664335664335664	0.1812778603268945
0.9672404037181994	0.6	0.1048951048951049	0.17857142857142855
0.9676168312287773	0.5959595959595959	0.10314685314685315	0.17585692995529062
0.9676666677311545	0.5918367346938775	0.10139860139860139	0.17313432835820897
0.9677822320417446	0.5876288659793815	0.09965034965034965	0.17040358744394618
0.9679330393687545	0.5833333333333334	0.0979020979020979	0.16766467065868262
0.9680223470052007	0.5789473684210527	0.09615384615384616	0.16491754122938532
0.9682552449036314	0.574468085106383	0.0944055944055944	0.16216216216216214
0.9699350449022214	0.5698924731182796	0.09265734265734266	0.1593984962406015
0.9701964097673005	0.5652173913043478	0.09090909090909091	0.15662650602409636
0.9706685731578684	0.5604395604395604	0.08916083916083917	0.15384615384615385
0.9707843665948015	0.5555555555555556	0.08741258741258741	0.1510574018126888
0.9708642784068119	0.550561797752809	0.08566433566433566	0.14826021180030258
0.9708714672740711	0.5697674418604651	0.08566433566433566	0.14893617021276598
0.9709420586340997	0.5647058823529412	0.08391608391608392	0.1461187214611872
0.9715196052889287	0.5595238095238095	0.08216783216783216	0.14329268292682926
0.971738295403732	0.5802469135802469	0.08216783216783216	0.1439509954058193
0.972405508339505	0.575	0.08041958041958042	0.1411042944785276
0.9724154428742859	0.5822784810126582	0.08041958041958042	0.141321044546851
0.9724170961045496	0.5897435897435898	0.08041958041958042	0.14153846153846153
0.972417155051231	0.6052631578947368	0.08041958041958042	0.1419753086419753
0.9724488631734899	0.6133333333333333	0.08041958041958042	0.14219474497681608
0.9725218711848947	0.6081081081081081	0.07867132867132867	0.13931888544891644
0.9741270083456618	0.6027397260273972	0.07692307692307693	0.1364341085271318
0.9745341536780732	0.5972222222222222	0.07517482517482517	0.13354037267080746
0.9752260042877738	0.5915492957746479	0.07342657342657342	0.1306376360808709
0.9760023400849417	0.5857142857142857	0.07167832167832168	0.12772585669781933
0.9764205648935598	0.5797101449275363	0.06993006993006994	0.12480499219968799
0.976446905457155	0.5735294117647058	0.06818181818181818	0.12187500000000001
0.9764482946597254	0.582089552238806	0.06818181818181818	0.1220657276995305
0.9767443018764975	0.5909090909090909	0.06818181818181818	0.12225705329153602
0.9770140836871036	0.5846153846153846	0.06643356643356643	0.11930926216640503
0.9775083095255702	0.578125	0.06468531468531469	0.11635220125786164
0.9777261288443087	0.5714285714285714	0.06293706293706294	0.11338582677165357
0.9781233507957899	0.5645161290322581	0.06118881118881119	0.110410094637224
0.9787890247329534	0.5573770491803278	0.05944055944055944	0.10742496050552922
0.9788998268651776	0.55	0.057692307692307696	0.10443037974683544
0.9789073146819377	0.5423728813559322	0.055944055944055944	0.10142630744849446
0.9790330286891461	0.5344827586206896	0.05419580419580419	0.09841269841269841
0.9793628126152243	0.5263157894736842	0.05244755244755245	0.09538950715421304
0.9799391879566831	0.5178571428571429	0.050699300699300696	0.09235668789808917
0.9822390782289114	0.509090909090909	0.04895104895104895	0.08931419457735247
0.982263486676739	0.5	0.0472027972027972	0.08626198083067092
0.9832670675137226	0.49056603773584906	0.045454545454545456	0.08320000000000001
0.9833541098501716	0.4807692307692308	0.043706293706293704	0.08012820512820512
0.9836388639882936	0.47058823529411764	0.04195804195804196	0.07704654895666131
0.9845839598006858	0.46	0.04020979020979021	0.07395498392282958
0.9846540842567384	0.4489795918367347	0.038461538461538464	0.07085346215781
0.98484115610861	0.4375	0.03671328671328671	0.06774193548387096
0.9849635937136186	0.425531914893617	0.03496503496503497	0.06462035541195477
0.9851167933829227	0.41304347826086957	0.033216783216783216	0.061488673139158574
0.9855424338902534	0.4	0.03146853146853147	0.058346839546191256
0.985755217766467	0.38636363636363635	0.02972027972027972	0.05519480519480519
0.9857888309790258	0.37209302325581395	0.027972027972027972	0.05203252032520325
0.9859085617955826	0.35714285714285715	0.026223776223776224	0.048859934853420196
0.9861167155198998	0.34146341463414637	0.024475524475524476	0.04567699836867863
0.9861354983417783	0.325	0.022727272727272728	0.04248366013071896
0.9861916599201668	0.3076923076923077	0.02097902097902098	0.03927986906710311
0.9862662053918491	0.2894736842105263	0.019230769230769232	0.036065573770491806
0.9862847896996032	0.2702702702702703	0.017482517482517484	0.032840722495894904
0.9862867164872927	0.25	0.015734265734265736	0.02960526315789474
0.9864508372710977	0.22857142857142856	0.013986013986013986	0.026359143327841845
0.9864692312717939	0.20588235294117646	0.012237762237762238	0.0231023102310231
0.9866481550197068	0.18181818181818182	0.01048951048951049	0.019834710743801654
0.9867752351315798	0.15625	0.008741258741258742	0.016556291390728478
0.9868002815222263	0.12903225806451613	0.006993006993006993	0.013266998341625206
0.9868911401499981	0.1	0.005244755244755245	0.009966777408637873
0.9870902193067282	0.06896551724137931	0.0034965034965034965	0.006655574043261231
0.98755901502198	0.03571428571428571	0.0017482517482517483	0.003333333333333333
0.9875600074893154	0.037037037037037035	0.0017482517482517483	0.0033388981636060092
0.9875605706933323	0.038461538461538464	0.0017482517482517483	0.0033444816053511705
0.9876700937239568	0.04	0.0017482517482517483	0.003350083752093802
0.9876706456679613	0.047619047619047616	0.0017482517482517483	0.003372681281618887
0.9876712497017954	0.05	0.0017482517482517483	0.003378378378378378
0.9876713802073284	0.05263157894736842	0.0017482517482517483	0.00338409475465313
0.9876716230158914	0.05555555555555555	0.0017482517482517483	0.003389830508474576
0.9876726254428241	0.058823529411764705	0.0017482517482517483	0.0033955857385398977
0.9921097279006919	0.0625	0.0017482517482517483	0.0034013605442176874
0.9921180718828561	0.0	0.0	0.0
0.9921187190492665	0.0	0.0	0.0
0.9921188379674405	0.0	0.0	0.0
0.9921192997750641	0.0	0.0	0.0
0.9921193659096084	0.0	0.0	0.0
0.9921195508540375	0.0	0.0	0.0
0.9921196124830026	0.0	0.0	0.0
0.9921198660056745	0.0	0.0	0.0
0.9921198900668968	0.0	0.0	0.0
0.9921198998645852	0.0	0.0	0.0
0.9921201205139448	0.0	0.0	0.0
0.9921208769415639	0.0	0.0	0.0
1.0	1.0	0.0	0.0
